(-0.9996410261412092+0j),0.9996410261412092j,-0.026792141671588277j,(-0.026792141671588277+0j)
(-0.9837369993927415+0j),-0.9837369993927415j,0.17961491036594285j,(-0.17961491036594285+0j)
(-0.7727475811057025+0j),-0.7727475811057025j,0.6347134596771097j,(-0.6347134596771097+0j)
(-0.6276500593762727+0j),-0.6276500593762727j,0.7784956024056665j,(-0.7784956024056665+0j)
(-0.9987293154842708+0j),-0.9987293154842708j,0.05039597595364343j,(-0.05039597595364343+0j)
(-0.9441207341733938+0j),-0.9441207341733938j,0.3295998169051253j,(-0.3295998169051253+0j)
(-0.07511078966309595+0j),-0.07511078966309595j,0.9971751948760992j,(-0.9971751948760992+0j)
(-0.27237488707966645+0j),0.27237488707966645j,-0.9621912080705888j,(-0.9621912080705888+0j)
(-0.8941399121942349+0j),-0.8941399121942349j,0.4477876923512814j,(-0.4477876923512814+0j)
(-0.8342877113101694+0j),-0.8342877113101694j,0.5513293160687536j,(-0.5513293160687536+0j)
(-0.6311905026373934+0j),-0.6311905026373934j,0.7756278420610975j,(-0.7756278420610975+0j)
(-0.5106026318423948+0j),-0.5106026318423948j,0.8598168132547886j,(-0.8598168132547886+0j)
(-0.8730465970908691+0j),-0.8730465970908691j,0.48763679035533614j,(-0.48763679035533614+0j)
(-0.7821793025070645+0j),-0.7821793025070645j,0.623053399581097j,(-0.623053399581097+0j)
(-0.1294289883944025+0j),0.1294289883944025j,-0.9915886934425996j,(-0.9915886934425996+0j)
(-0.6608001488472195+0j),0.6608001488472195j,-0.7505618983691437j,(-0.7505618983691437+0j)
(-0.9145726690285839+0j),-0.9145726690285839j,0.404421603114785j,(-0.404421603114785+0j)
(-0.629301730881158+0j),-0.629301730881158j,0.7771610717927004j,(-0.7771610717927004+0j)
(-0.024052732059703468+0j),0.024052732059703468j,-0.9997106911904384j,(-0.9997106911904384+0j)
(-0.1731193242287466+0j),0.1731193242287466j,-0.9849008577408095j,(-0.9849008577408095+0j)
(-0.8263686924847558+0j),-0.8263686924847558j,0.5631294558811812j,(-0.5631294558811812+0j)
(-0.381819956413419+0j),-0.381819956413419j,0.9242367234017781j,(-0.9242367234017781+0j)
(-0.45652729661275887+0j),0.45652729661275887j,-0.8897094061812802j,(-0.8897094061812802+0j)
(-0.585124045920461+0j),0.585124045920461j,-0.810943802544708j,(-0.810943802544708+0j)
(-0.20602819392643756+0j),-0.20602819392643756j,0.9785460557926797j,(-0.9785460557926797+0j)
(-0.07197769968948155+0j),-0.07197769968948155j,0.997406241582341j,(-0.997406241582341+0j)
(-0.17025461334539277+0j),0.17025461334539277j,-0.9854001048480819j,(-0.9854001048480819+0j)
(-0.2550445987000251+0j),0.2550445987000251j,-0.9669292904209403j,(-0.9669292904209403+0j)
(-0.1522875227130303+0j),-0.1522875227130303j,0.9883362334883451j,(-0.9883362334883451+0j)
(-0.01116565488510433+0j),0.01116565488510433j,-0.9999376621324887j,(-0.9999376621324887+0j)
(-0.5322009329481063+0j),0.5322009329481063j,-0.8466180762121521j,(-0.8466180762121521+0j)
(-0.7577647632935471+0j),0.7577647632935471j,-0.652527825851645j,(-0.652527825851645+0j)
(-0.9825620400839752+0j),-0.9825620400839752j,0.185935035391442j,(-0.185935035391442+0j)
(-0.9504798683424714+0j),-0.9504798683424714j,0.31078613205173455j,(-0.31078613205173455+0j)
(-0.6739072712254335+0j),-0.6739072712254335j,0.7388159376932052j,(-0.7388159376932052+0j)
(-0.37299239944030926+0j),-0.37299239944030926j,0.9278343979179479j,(-0.9278343979179479+0j)
(-0.9731955660412333+0j),-0.9731955660412333j,0.22997910826351972j,(-0.22997910826351972+0j)
(-0.9070723759152826+0j),-0.9070723759152826j,0.42097470808993315j,(-0.42097470808993315+0j)
(-0.6790420754238994+0j),0.6790420754238994j,-0.7340993528154096j,(-0.7340993528154096+0j)
(-0.8861565765256929+0j),0.8861565765256929j,-0.4633859318972297j,(-0.4633859318972297+0j)
(-0.8504173027996174+0j),-0.8504173027996174j,0.5261087445566971j,(-0.5261087445566971+0j)
(-0.7714833825535373+0j),-0.7714833825535373j,0.6362494718612759j,(-0.6362494718612759+0j)
(-0.38136521046160304+0j),-0.38136521046160304j,0.9244244567565146j,(-0.9244244567565146+0j)
(-0.08316169338400954+0j),-0.08316169338400954j,0.9965360669607017j,(-0.9965360669607017+0j)
(-0.8242059509327793+0j),-0.8242059509327793j,0.5662901645331597j,(-0.5662901645331597+0j)
(-0.6900375567595098+0j),-0.6900375567595098j,0.7237735628367248j,(-0.7237735628367248+0j)
(-0.8239025845134574+0j),0.8239025845134574j,-0.5667314454237077j,(-0.5667314454237077+0j)
(-0.9771836656415763+0j),0.9771836656415763j,-0.21239605364340544j,(-0.21239605364340544+0j)
(-0.8743739748754703+0j),-0.8743739748754703j,0.4852526682672342j,(-0.4852526682672342+0j)
(-0.376903332477046+0j),-0.376903332477046j,0.9262525994391041j,(-0.9262525994391041+0j)
(-0.7598426226854357+0j),0.7598426226854357j,-0.650107059452917j,(-0.650107059452917+0j)
(-0.8454679559092927+0j),0.8454679559092927j,-0.5340261562232343j,(-0.5340261562232343+0j)
(-0.7599182673193672+0j),-0.7599182673193672j,0.6500186358823344j,(-0.6500186358823344+0j)
(-0.22012725363970276+0j),0.22012725363970276j,-0.9754711642099126j,(-0.9754711642099126+0j)
(-0.9395907806647109+0j),0.9395907806647109j,-0.3422998172507246j,(-0.3422998172507246+0j)
(-0.9653215848857264+0j),0.9653215848857264j,-0.2610636660926013j,(-0.2610636660926013+0j)
(-0.5289192373992039+0j),0.5289192373992039j,-0.8486721630341393j,(-0.8486721630341393+0j)
(-0.681971242330948+0j),0.681971242330948j,-0.7313789883730484j,(-0.7313789883730484+0j)
(-0.8441300041866604+0j),0.8441300041866604j,-0.5361385418264845j,(-0.5361385418264845+0j)
(-0.8797779081400561+0j),0.8797779081400561j,-0.4753849307126883j,(-0.4753849307126883+0j)
(-0.5976004129108219+0j),0.5976004129108219j,-0.8017940798539333j,(-0.8017940798539333+0j)
(-0.7506135398642176+0j),0.7506135398642176j,-0.6607414878547502j,(-0.6607414878547502+0j)
(-0.955652550653863+0j),0.955652550653863j,-0.29449652362764134j,(-0.29449652362764134+0j)
(-0.9892644271220082+0j),0.9892644271220082j,-0.14613655679180637j,(-0.14613655679180637+0j)
(-0.7713951304502664+0j),-0.7713951304502664j,0.636356466705271j,(-0.636356466705271+0j)
(-0.6224985304049131+0j),-0.6224985304049131j,0.7826209680577971j,(-0.7826209680577971+0j)
(-0.31250450897736504+0j),-0.31250450897736504j,0.9499162762416572j,(-0.9499162762416572+0j)
(-0.20277738187241862+0j),-0.20277738187241862j,0.9792248635532941j,(-0.9792248635532941+0j)
(-0.71498761974977+0j),-0.71498761974977j,0.6991371135940063j,(-0.6991371135940063+0j)
(-0.5192640351459317+0j),-0.5192640351459317j,0.8546138670791417j,(-0.8546138670791417+0j)
(-0.13182333809285013+0j),0.13182333809285013j,-0.9912732254701819j,(-0.9912732254701819+0j)
(-0.3793758995794125+0j),0.3793758995794125j,-0.9252426313234339j,(-0.9252426313234339+0j)
(-0.43997920619333364+0j),-0.43997920619333364j,0.8980079610546247j,(-0.8980079610546247+0j)
(-0.3703084122091368+0j),-0.3703084122091368j,0.9289088651999979j,(-0.9289088651999979+0j)
(-0.2051846937067027+0j),-0.2051846937067027j,0.9787232711387253j,(-0.9787232711387253+0j)
(-0.1275178864482836+0j),-0.1275178864482836j,0.9918362710829659j,(-0.9918362710829659+0j)
(-0.413298749093433+0j),-0.413298749093433j,0.9105954886763956j,(-0.9105954886763956+0j)
(-0.320745350854997+0j),-0.320745350854997j,0.9471654659587759j,(-0.9471654659587759+0j)
(-0.26839389418653853+0j),0.26839389418653853j,-0.9633092533363237j,(-0.9633092533363237+0j)
(-0.7908524697206603+0j),0.7908524697206603j,-0.6120068391257834j,(-0.6120068391257834+0j)
(-0.46898099215259775+0j),-0.46898099215259775j,0.8832082591323325j,(-0.8832082591323325+0j)
(-0.2038992240981456+0j),-0.2038992240981456j,0.9789918827100532j,(-0.9789918827100532+0j)
(-0.1955188900723815+0j),0.1955188900723815j,-0.9806999355689101j,(-0.9806999355689101+0j)
(-0.300627923366612+0j),0.300627923366612j,-0.9537415015046156j,(-0.9537415015046156+0j)
(-0.3622611239676238+0j),-0.3622611239676238j,0.9320766481688693j,(-0.9320766481688693+0j)
(-0.050482733235850986+0j),-0.050482733235850986j,0.9987249339257722j,(-0.9987249339257722+0j)
(-0.5518322335654791+0j),0.5518322335654791j,-0.833955146274747j,(-0.833955146274747+0j)
(-0.6971633242590907+0j),0.6971633242590907j,-0.7169123372547122j,(-0.7169123372547122+0j)
(-0.05248983956513806+0j),0.05248983956513806j,-0.9986214581824417j,(-0.9986214581824417+0j)
(-0.1337788760634695+0j),0.1337788760634695j,-0.9910112069594343j,(-0.9910112069594343+0j)
(-0.29847289615294764+0j),0.29847289615294764j,-0.9544181108204475j,(-0.9544181108204475+0j)
(-0.365012596746588+0j),0.365012596746588j,-0.9310025801340793j,(-0.9310025801340793+0j)
(-0.08456845331849869+0j),0.08456845331849869j,-0.9964176718140425j,(-0.9964176718140425+0j)
(-0.18700803836467492+0j),0.18700803836467492j,-0.982358383476721j,(-0.982358383476721+0j)
(-0.6348279790069669+0j),0.6348279790069669j,-0.7726535038876936j,(-0.7726535038876936+0j)
(-0.9090029191711994+0j),0.9090029191711994j,-0.41678974668079105j,(-0.41678974668079105+0j)
(-0.6180608834589207+0j),-0.6180608834589207j,0.7861302337004846j,(-0.7861302337004846+0j)
(-0.5320031161867617+0j),-0.5320031161867617j,0.8467423955180082j,(-0.8467423955180082+0j)
(-0.2350697616935973+0j),-0.2350697616935973j,0.9719785013760929j,(-0.9719785013760929+0j)
(-0.045307127680472487+0j),-0.045307127680472487j,0.9989731048338316j,(-0.9989731048338316+0j)
(-0.5873646914407453+0j),-0.5873646914407453j,0.8093223827676571j,(-0.8093223827676571+0j)
(-0.45790737908912055+0j),-0.45790737908912055j,0.8889999056106432j,(-0.8889999056106432+0j)
(-0.8137641267129951+0j),0.8137641267129951j,-0.5811952736172554j,(-0.5811952736172554+0j)
(-0.9999758461813868+0j),0.9999758461813868j,-0.006950327605196616j,(-0.006950327605196616+0j)
(-0.3874077330004573+0j),-0.3874077330004573j,0.9219084815812503j,(-0.9219084815812503+0j)
(-0.311414091427571+0j),-0.311414091427571j,0.9502743096918599j,(-0.9502743096918599+0j)
(-0.050215934253163966+0j),-0.050215934253163966j,0.9987383841362472j,(-0.9987383841362472+0j)
(-0.12681304422309816+0j),0.12681304422309816j,-0.9919266363067738j,(-0.9919266363067738+0j)
(-0.3600997581920715+0j),-0.3600997581920715j,0.9329138031726253j,(-0.9329138031726253+0j)
(-0.2468151492512099+0j),-0.2468151492512099j,0.9690625790422945j,(-0.9690625790422945+0j)
(-0.9730651876801473+0j),0.9730651876801473j,-0.2305301293215273j,(-0.2305301293215273+0j)
(-0.9025314305505653+0j),-0.9025314305505653j,0.43062398547729575j,(-0.43062398547729575+0j)
(-0.4148978068424563+0j),-0.4148978068424563j,0.9098680178340813j,(-0.9098680178340813+0j)
(-0.04759922117089837+0j),-0.04759922117089837j,0.9988665146774739j,(-0.9988665146774739+0j)
(-0.9113349728106984+0j),0.9113349728106984j,-0.41166560134668j,(-0.41166560134668+0j)
(-0.9873287641483504+0j),0.9873287641483504j,-0.15868809497026387j,(-0.15868809497026387+0j)
(-0.30158529364225367+0j),-0.30158529364225367j,0.9534392013435968j,(-0.9534392013435968+0j)
(-0.3368921129963197+0j),0.3368921129963197j,-0.9415432566806875j,(-0.9415432566806875+0j)
(-0.9736842487556623+0j),-0.9736842487556623j,0.22790125871772143j,(-0.22790125871772143+0j)
(-0.9326085737649489+0j),-0.9326085737649489j,0.3608895234557357j,(-0.3608895234557357+0j)
(-0.6310744611440028+0j),0.6310744611440028j,-0.7757222598919065j,(-0.7757222598919065+0j)
(-0.8174369043514904+0j),0.8174369043514904j,-0.5760181485025038j,(-0.5760181485025038+0j)
(-0.9865741291643823+0j),0.9865741291643823j,-0.16331407674643694j,(-0.16331407674643694+0j)
(-0.9994819672785288+0j),0.9994819672785288j,-0.03218380159399983j,(-0.03218380159399983+0j)
(-0.7123109398419253+0j),0.7123109398419253j,-0.7018640359653094j,(-0.7018640359653094+0j)
(-0.9008695148348599+0j),0.9008695148348599j,-0.43408998749246014j,(-0.43408998749246014+0j)
(-0.9511607298706849+0j),-0.9511607298706849j,0.308696073755184j,(-0.308696073755184+0j)
(-0.8576126719912279+0j),-0.8576126719912279j,0.5142961256319815j,(-0.5142961256319815+0j)
(-0.9987768132192216+0j),-0.9987768132192216j,0.04944570128591823j,(-0.04944570128591823+0j)
(-0.9469661331325308+0j),-0.9469661331325308j,0.32133338248619975j,(-0.32133338248619975+0j)
(-0.09075373911044603+0j),-0.09075373911044603j,0.9958733648599472j,(-0.9958733648599472+0j)
(-0.26623887938169666+0j),0.26623887938169666j,-0.9639070801200593j,(-0.9639070801200593+0j)
(-0.9903712249339423+0j),-0.9903712249339423j,0.13843712227160282j,(-0.13843712227160282+0j)
(-0.8086122202843274+0j),-0.8086122202843274j,0.5883419730113181j,(-0.5883419730113181+0j)
(-0.7017594343805844+0j),0.7017594343805844j,-0.7124139921828053j,(-0.7124139921828053+0j)
(-0.8060282906593174+0j),0.8060282906593174j,-0.5918770097383571j,(-0.5918770097383571+0j)
(-0.5911363918882202+0j),-0.5911363918882202j,0.8065716125585977j,(-0.8065716125585977+0j)
(-0.324158087519299+0j),-0.324158087519299j,0.9460029250989822j,(-0.9460029250989822+0j)
(-0.2600129136719165+0j),0.2600129136719165j,-0.9656051391349575j,(-0.9656051391349575+0j)
(-0.4286615865211833+0j),0.4286615865211833j,-0.903465131724043j,(-0.903465131724043+0j)
(-0.4947949247812757+0j),-0.4947949247812757j,0.8690097711825177j,(-0.8690097711825177+0j)
(-0.12301333097714984+0j),-0.12301333097714984j,0.9924050183276515j,(-0.9924050183276515+0j)
(-0.7679404973573237+0j),0.7679404973573237j,-0.6405211881886393j,(-0.6405211881886393+0j)
(-0.8977737484430444+0j),0.8977737484430444j,-0.4404569179914482j,(-0.4404569179914482+0j)
(-0.6834222200289994+0j),-0.6834222200289994j,0.7300233346754293j,(-0.7300233346754293+0j)
(-0.2633462046924264+0j),0.2633462046924264j,-0.9647013923873514j,(-0.9647013923873514+0j)
(-0.7360922231532735+0j),0.7360922231532735j,-0.676881259168306j,(-0.676881259168306+0j)
(-0.7800981937285748+0j),0.7800981937285748j,-0.6256571010876605j,(-0.6256571010876605+0j)
(-0.2912024408531638+0j),-0.2912024408531638j,0.9566614544556292j,(-0.9566614544556292+0j)
(-0.5438233537774947+0j),0.5438233537774947j,-0.8391997139454934j,(-0.8391997139454934+0j)
(-0.8501831234595799+0j),0.8501831234595799j,-0.5264870906152523j,(-0.5264870906152523+0j)
(-0.8799280434626905+0j),0.8799280434626905j,-0.4751069756675035j,(-0.4751069756675035+0j)
(-0.6468084858986861+0j),0.6468084858986861j,-0.7626524651303824j,(-0.7626524651303824+0j)
(-0.7029252366174145+0j),0.7029252366174145j,-0.7112637427328572j,(-0.7112637427328572+0j)
(-0.7793167699577677+0j),0.7793167699577677j,-0.6266301716823025j,(-0.6266301716823025+0j)
(-0.8016441687768396+0j),0.8016441687768396j,-0.597801494365889j,(-0.597801494365889+0j)
(-0.6709884257898232+0j),0.6709884257898232j,-0.7414678229404801j,(-0.7414678229404801+0j)
(-0.731902338562024+0j),0.731902338562024j,-0.6814095441123793j,(-0.6814095441123793+0j)
(-0.8676710292489853+0j),0.8676710292489853j,-0.4971387985281439j,(-0.4971387985281439+0j)
(-0.9218953379336473+0j),0.9218953379336473j,-0.38743900925978847j,(-0.38743900925978847+0j)
(-0.9434636085872066+0j),-0.9434636085872066j,0.33147612172162j,(-0.33147612172162+0j)
(-0.8334746612806032+0j),-0.8334746612806032j,0.5525576793450473j,(-0.5525576793450473+0j)
(-0.17673801175289186+0j),0.17673801175289186j,-0.9842579312363374j,(-0.9842579312363374+0j)
(-0.5501738199303481+0j),0.5501738199303481j,-0.8350501588906196j,(-0.8350501588906196+0j)
(-0.9142135522449534+0j),-0.9142135522449534j,0.40523274903648165j,(-0.40523274903648165+0j)
(-0.6498614366739246+0j),-0.6498614366739246j,0.7600527041752453j,(-0.7600527041752453+0j)
(-0.9021743282423464+0j),0.9021743282423464j,-0.4313716280198214j,(-0.4313716280198214+0j)
(-0.9587946514125371+0j),0.9587946514125371j,-0.28410001130361107j,(-0.28410001130361107+0j)
(-0.39353278385600443+0j),-0.39353278385600443j,0.9193105830080187j,(-0.9193105830080187+0j)
(-0.08652741634299653+0j),-0.08652741634299653j,0.9962494698723838j,(-0.9962494698723838+0j)
(-0.5441543804371969+0j),0.5441543804371969j,-0.8389851072879724j,(-0.8389851072879724+0j)
(-0.6987363345697939+0j),0.6987363345697939j,-0.7153792943271208j,(-0.7153792943271208+0j)
(-0.2823402231577132+0j),-0.2823402231577132j,0.9593143376324846j,(-0.9593143376324846+0j)
(-0.1408999077981225+0j),0.1408999077981225j,-0.9900238461686066j,(-0.9900238461686066+0j)
(-0.9398748652673055+0j),0.9398748652673055j,-0.3415190150471343j,(-0.3415190150471343+0j)
(-0.9929122928417614+0j),0.9929122928417614j,-0.11884939513399374j,(-0.11884939513399374+0j)
(-0.5008310795451627+0j),-0.5008310795451627j,0.8655450477945252j,(-0.8655450477945252+0j)
(-0.5473798220004373+0j),0.5473798220004373j,-0.8368842993310185j,(-0.8368842993310185+0j)
(-0.9224365927255466+0j),0.9224365927255466j,-0.38614858850044254j,(-0.38614858850044254+0j)
(-0.946156296757455+0j),0.946156296757455j,-0.3237101513796236j,(-0.3237101513796236+0j)
(-0.04892314464274058+0j),-0.04892314464274058j,0.998802546011105j,(-0.998802546011105+0j)
(-0.7926385391365034+0j),0.7926385391365034j,-0.6096918453411934j,(-0.6096918453411934+0j)
(-0.9775978609299663+0j),0.9775978609299663j,-0.2104814060793845j,(-0.2104814060793845+0j)
(-0.9878972509791658+0j),0.9878972509791658j,-0.15510970797408838j,(-0.15510970797408838+0j)
(-0.8669134330832134+0j),0.8669134330832134j,-0.49845872400819397j,(-0.49845872400819397+0j)
(-0.9028857102612139+0j),0.9028857102612139j,-0.4298806743808143j,(-0.4298806743808143+0j)
(-0.9457591410828479+0j),0.9457591410828479j,-0.3248686612436383j,(-0.3248686612436383+0j)
(-0.9567340124495878+0j),0.9567340124495878j,-0.29096396584819945j,(-0.29096396584819945+0j)
(-0.8828362637660699+0j),0.8828362637660699j,-0.4696808824931736j,(-0.4696808824931736+0j)
(-0.9200422105920484+0j),0.9200422105920484j,-0.3918192577310324j,(-0.3918192577310324+0j)
(-0.9839203948823575+0j),0.9839203948823575j,-0.17860754892933742j,(-0.17860754892933742+0j)
(-0.9978932451679831+0j),0.9978932451679831j,-0.0648773554340187j,(-0.0648773554340187+0j)
(-0.0862332398763803+0j),-0.0862332398763803j,0.9962749762693144j,(-0.9962749762693144+0j)
(-0.27513025895548104+0j),0.27513025895548104j,-0.9614069588925858j,(-0.9614069588925858+0j)
(-0.5898236229440537+0j),0.5898236229440537j,-0.8075321007967119j,(-0.8075321007967119+0j)
(-0.648346186745857+0j),0.648346186745857j,-0.7613456653400652j,(-0.7613456653400652+0j)
(-0.0799814785505383+0j),0.0799814785505383j,-0.9967963498573167j,(-0.9967963498573167+0j)
(-0.41898773123968175+0j),0.41898773123968175j,-0.9079918948265036j,(-0.9079918948265036+0j)
(-0.7686207063808472+0j),0.7686207063808472j,-0.6397047832575645j,(-0.6397047832575645+0j)
(-0.8321048421527071+0j),0.8321048421527071j,-0.5546183657849949j,(-0.5546183657849949+0j)
(-0.49761359163899915+0j),0.49761359163899915j,-0.8673988202759648j,(-0.8673988202759648+0j)
(-0.5520736504651971+0j),0.5520736504651971j,-0.833795349268651j,(-0.833795349268651+0j)
(-0.6472084711503503+0j),0.6472084711503503j,-0.7623130556872459j,(-0.7623130556872459+0j)
(-0.6813239605929008+0j),0.6813239605929008j,-0.7319820084687898j,(-0.7319820084687898+0j)
(-0.5198155825257494+0j),0.5198155825257494j,-0.8542785026930129j,(-0.8542785026930129+0j)
(-0.5847838739593483+0j),0.5847838739593483j,-0.8111891399403084j,(-0.8111891399403084+0j)
(-0.8050258883343298+0j),0.8050258883343298j,-0.593239680998771j,(-0.593239680998771+0j)
(-0.930680797169705+0j),0.930680797169705j,-0.36583227547547337j,(-0.36583227547547337+0j)
(-0.47125729748365613+0j),0.47125729748365613j,-0.881995782058169j,(-0.881995782058169+0j)
(-0.6478166975826367+0j),0.6478166975826367j,-0.7617962498812441j,(-0.7617962498812441+0j)
(-0.7861380282858601+0j),0.7861380282858601j,-0.6180509691625927j,(-0.6180509691625927+0j)
(-0.8130672339858722+0j),0.8130672339858722j,-0.5821697974118575j,(-0.5821697974118575+0j)
(-0.5576857284943276+0j),0.5576857284943276j,-0.8300521840425161j,(-0.8300521840425161+0j)
(-0.7107682813822052+0j),0.7107682813822052j,-0.7034262222728028j,(-0.7034262222728028+0j)
(-0.8722069435667961+0j),0.8722069435667961j,-0.4891370437759422j,(-0.4891370437759422+0j)
(-0.9065987111810245+0j),0.9065987111810245j,-0.42199381142962894j,(-0.42199381142962894+0j)
(-0.7450902398825532+0j),0.7450902398825532j,-0.666963667999809j,(-0.666963667999809+0j)
(-0.769174998254918+0j),0.769174998254918j,-0.639038200782666j,(-0.639038200782666+0j)
(-0.8125347590636326+0j),0.8125347590636326j,-0.5829127424524226j,(-0.5829127424524226+0j)
(-0.8286862109032807+0j),0.8286862109032807j,-0.5597134658544168j,(-0.5597134658544168+0j)
(-0.7548644004238697+0j),0.7548644004238697j,-0.6558808862687734j,(-0.6558808862687734+0j)
(-0.7838575219740652+0j),0.7838575219740652j,-0.6209407260316222j,(-0.6209407260316222+0j)
(-0.8915852980549362+0j),0.8915852980549362j,-0.452852797597951j,(-0.452852797597951+0j)
(-0.9664668500956146+0j),0.9664668500956146j,-0.2567914088638108j,(-0.2567914088638108+0j)
(-0.2826339732979201+0j),0.2826339732979201j,-0.9592278338006204j,(-0.9592278338006204+0j)
(-0.40419371276881416+0j),0.40419371276881416j,-0.9146734075932028j,(-0.9146734075932028+0j)
(-0.6325945192377999+0j),0.6325945192377999j,-0.7744831658792184j,(-0.7744831658792184+0j)
(-0.7126176961726429+0j),0.7126176961726429j,-0.7015525775746211j,(-0.7015525775746211+0j)
(-0.3308806701563011+0j),0.3308806701563011j,-0.9436726032459125j,(-0.9436726032459125+0j)
(-0.4816146860794723+0j),0.4816146860794723j,-0.8763830750034893j,(-0.8763830750034893+0j)
(-0.9370033807985313+0j),0.9370033807985313j,-0.3493202890931509j,(-0.3493202890931509+0j)
(-0.9974727231886731+0j),-0.9974727231886731j,0.07105045034743131j,(-0.07105045034743131+0j)
(-0.5397205609046242+0j),0.5397205609046242j,-0.8418442350796246j,(-0.8418442350796246+0j)
(-0.5904826690620545+0j),0.5904826690620545j,-0.8070503190863333j,(-0.8070503190863333+0j)
(-0.7108639785879888+0j),0.7108639785879888j,-0.7033295130634398j,(-0.7033295130634398+0j)
(-0.7671953853448511+0j),0.7671953853448511j,-0.6414134709417674j,(-0.6414134709417674+0j)
(-0.5591719663413556+0j),0.5591719663413556j,-0.8290516944424771j,(-0.8290516944424771+0j)
(-0.6265878292558206+0j),0.6265878292558206j,-0.7793508146069258j,(-0.7793508146069258+0j)
(-0.9911608524047415+0j),0.9911608524047415j,-0.13266561219964473j,(-0.13266561219964473+0j)
(-0.6293365425682179+0j),-0.6293365425682179j,0.7771328819373698j,(-0.7771328819373698+0j)
(-0.5185353946480727+0j),0.5185353946480727j,-0.8550561645279025j,(-0.8550561645279025+0j)
(-0.711800472308488+0j),0.711800472308488j,-0.7023817250052947j,(-0.7023817250052947+0j)
(-0.9672782179674548+0j),0.9672782179674548j,-0.25371805029541145j,(-0.25371805029541145+0j)
(-0.9971416689820948+0j),0.9971416689820948j,-0.0755545629303941j,(-0.0755545629303941+0j)
(-0.5963430610450007+0j),0.5963430610450007j,-0.8027296889635257j,(-0.8027296889635257+0j)
(-0.8219287968671857+0j),0.8219287968671857j,-0.5695902499871824j,(-0.5695902499871824+0j)
(-0.9157993672871358+0j),-0.9157993672871358j,0.401636052759811j,(-0.401636052759811+0j)
(-0.7615055093851297+0j),-0.7615055093851297j,0.6481584367854005j,(-0.6481584367854005+0j)
(-0.890697360191991+0j),0.890697360191991j,-0.4545967581791787j,(-0.4545967581791787+0j)
(-0.9380380201992556+0j),0.9380380201992556j,-0.34653235442114333j,(-0.34653235442114333+0j)
(-0.9968401611490485+0j),0.9968401611490485j,-0.07943357678173159j,(-0.07943357678173159+0j)
(-0.9990439697294725+0j),-0.9990439697294725j,0.04371666212300601j,(-0.04371666212300601+0j)
(-0.9103436761885826+0j),0.9103436761885826j,-0.41385310343581716j,(-0.41385310343581716+0j)
(-0.9636798281512227+0j),0.9636798281512227j,-0.26706027187590076j,(-0.26706027187590076+0j)
(-0.8360828616758065+0j),-0.8360828616758065j,0.5486031793673771j,(-0.5486031793673771+0j)
(-0.4253194621026517+0j),-0.4253194621026517j,0.9050432891064998j,(-0.9050432891064998+0j)
(-0.8906419858510365+0j),-0.8906419858510365j,0.45470523753231845j,(-0.45470523753231845+0j)
(-0.829523783667111+0j),-0.829523783667111j,0.5584713889991146j,(-0.5584713889991146+0j)
(-0.6254780033563894+0j),-0.6254780033563894j,0.7802418005447445j,(-0.7802418005447445+0j)
(-0.5061742890694401+0j),-0.5061742890694401j,0.862431208320436j,(-0.862431208320436+0j)
(-0.8690422587343474+0j),-0.8690422587343474j,0.4947378624422269j,(-0.4947378624422269+0j)
(-0.7767176012339784+0j),-0.7767176012339784j,0.6298490040742578j,(-0.6298490040742578+0j)
(-0.11866074767025764+0j),0.11866074767025764j,-0.9929348553466817j,(-0.9929348553466817+0j)
(-0.6474059768046503+0j),0.6474059768046503j,-0.762145328134744j,(-0.762145328134744+0j)
(-0.727434779686156+0j),-0.727434779686156j,0.6861768294710583j,(-0.6861768294710583+0j)
(-0.6757793615146704+0j),-0.6757793615146704j,0.7371039645469454j,(-0.7371039645469454+0j)
(-0.5091827006080293+0j),-0.5091827006080293j,0.8606584557195232j,(-0.8606584557195232+0j)
(-0.40185648755799563+0j),-0.40185648755799563j,0.9157026610246094j,(-0.9157026610246094+0j)
(-0.7086886169023174+0j),-0.7086886169023174j,0.7055213988768025j,(-0.7055213988768025+0j)
(-0.633117029799771+0j),-0.633117029799771j,0.7740560874881844j,(-0.7740560874881844+0j)
(-0.43453921242193744+0j),0.43453921242193744j,-0.9006529147611319j,(-0.9006529147611319+0j)
(-0.9811328455944667+0j),0.9811328455944667j,-0.19333478552941402j,(-0.19333478552941402+0j)
(-0.7465072175635826+0j),-0.7465072175635826j,0.6653773171107339j,(-0.6653773171107339+0j)
(-0.5075786461402038+0j),-0.5075786461402038j,0.8616054305669609j,(-0.8616054305669609+0j)
(-0.2693892868026465+0j),0.2693892868026465j,-0.963031366132984j,(-0.963031366132984+0j)
(-0.5021146004126308+0j),0.5021146004126308j,-0.864801091611513j,(-0.864801091611513+0j)
(-0.6692154303936548+0j),-0.6692154303936548j,0.743068440806791j,(-0.743068440806791+0j)
(-0.27263386016628044+0j),-0.27263386016628044j,0.9621178609145729j,(-0.9621178609145729+0j)
(-0.8597936239800866+0j),0.8597936239800866j,-0.5106416788347674j,(-0.5106416788347674+0j)
(-0.950149807913288+0j),0.950149807913288j,-0.3117937499731868j,(-0.3117937499731868+0j)
(-0.06375075975022688+0j),-0.06375075975022688j,0.9979658514354431j,(-0.9979658514354431+0j)
(-0.12328383513858142+0j),0.12328383513858142j,-0.9923714506138935j,(-0.9923714506138935+0j)
(-0.49772978221743425+0j),0.49772978221743425j,-0.8673321531534419j,(-0.8673321531534419+0j)
(-0.6231815462283199+0j),0.6231815462283199j,-0.7820772087463491j,(-0.7820772087463491+0j)
(-0.00844567584261073+0j),0.00844567584261073j,-0.999964334643772j,(-0.999964334643772+0j)
(-0.24937648461061268+0j),0.24937648461061268j,-0.9684066134239547j,(-0.9684066134239547+0j)
(-0.9189058842947708+0j),0.9189058842947708j,-0.3944768381140334j,(-0.3944768381140334+0j)
(-0.999102608260418+0j),0.999102608260418j,-0.042355379436738075j,(-0.042355379436738075+0j)
(-0.8274662873555679+0j),-0.8274662873555679j,0.561515398978508j,(-0.561515398978508+0j)
(-0.7838541754577504+0j),-0.7838541754577504j,0.6209449505531472j,(-0.6209449505531472+0j)
(-0.5449684541130226+0j),-0.5449684541130226j,0.8384565486783812j,(-0.8384565486783812+0j)
(-0.2630983734458182+0j),-0.2630983734458182j,0.9647690116759374j,(-0.9647690116759374+0j)
(-0.8127555958280688+0j),-0.8127555958280688j,0.5826047901023136j,(-0.5826047901023136+0j)
(-0.7393773081626509+0j),-0.7393773081626509j,0.6732913159800535j,(-0.6732913159800535+0j)
(-0.9863160796938651+0j),0.9863160796938651j,-0.1648653721596052j,(-0.1648653721596052+0j)
(-0.9866141473130363+0j),-0.9866141473130363j,0.16307214453048177j,(-0.16307214453048177+0j)
(-0.6892921973914217+0j),-0.6892921973914217j,0.7244834481306702j,(-0.7244834481306702+0j)
(-0.6244548335431411+0j),-0.6244548335431411j,0.7810609200725691j,(-0.7810609200725691+0j)
(-0.2721449419953183+0j),-0.2721449419953183j,0.9622562707233271j,(-0.9622562707233271+0j)
(-0.1068307603391866+0j),0.1068307603391866j,-0.994277219212706j,(-0.994277219212706+0j)
(-0.6674295023483074+0j),-0.6674295023483074j,0.7446729882271083j,(-0.7446729882271083+0j)
(-0.5582708514480323+0j),-0.5582708514480323j,0.8296587590229426j,(-0.8296587590229426+0j)
(-0.9981165243539041+0j),-0.9981165243539041j,0.06134658761237441j,(-0.06134658761237441+0j)
(-0.9373588446184569+0j),-0.9373588446184569j,0.34836532033994416j,(-0.34836532033994416+0j)
(-0.7098465618678877+0j),-0.7098465618678877j,0.7043563434827141j,(-0.7043563434827141+0j)
(-0.26733456945356115+0j),-0.26733456945356115j,0.9636037712540769j,(-0.9636037712540769+0j)
(-0.9992344875727116+0j),0.9992344875727116j,-0.03912082367870727j,(-0.03912082367870727+0j)
(-0.9953957483788467+0j),-0.9953957483788467j,0.09585042571275312j,(-0.09585042571275312+0j)
(-0.6150989801880399+0j),-0.6150989801880399j,0.7884498998488322j,(-0.7884498998488322+0j)
(-0.5727535520000311+0j),0.5727535520000311j,-0.8197276185851907j,(-0.8197276185851907+0j)
(-0.9654253816688134+0j),-0.9654253816688134j,0.26067955890254674j,(-0.26067955890254674+0j)
(-0.9483789853268974+0j),-0.9483789853268974j,0.31713924416622524j,(-0.31713924416622524+0j)
(-0.9166982550247036+0j),0.9166982550247036j,-0.3995801662178238j,(-0.3995801662178238+0j)
(-0.9870686541584864+0j),0.9870686541584864j,-0.16029807228333887j,(-0.16029807228333887+0j)
(-0.9956011529123187+0j),-0.9956011529123187j,0.09369281893326757j,(-0.09369281893326757+0j)
(-0.9883377326167505+0j),-0.9883377326167505j,0.15227779314785422j,(-0.15227779314785422+0j)
(-0.9563425622676032+0j),0.9563425622676032j,-0.29224801726519134j,(-0.29224801726519134+0j)
(-0.9985687476878259+0j),0.9985687476878259j,-0.05348323233656727j,(-0.05348323233656727+0j)
(-0.9556142584700098+0j),-0.9556142584700098j,0.29462075454525194j,(-0.29462075454525194+0j)
(-0.9215083963712977+0j),-0.9215083963712977j,0.3883584367787049j,(-0.3883584367787049+0j)
(-0.6243834123593842+0j),-0.6243834123593842j,0.7811180156483727j,(-0.7811180156483727+0j)
(-0.5017840034617229+0j),-0.5017840034617229j,0.8649929559654956j,(-0.8649929559654956+0j)
(-0.19514569483113228+0j),-0.19514569483113228j,0.9807742644405362j,(-0.9807742644405362+0j)
(-0.059495100074421374+0j),-0.059495100074421374j,0.9982285976003367j,(-0.9982285976003367+0j)
(-0.578675057455673+0j),-0.578675057455673j,0.8155582001786713j,(-0.8155582001786713+0j)
(-0.40994923512931597+0j),-0.40994923512931597j,0.9121083403943244j,(-0.9121083403943244+0j)
(-0.4382744971049735+0j),0.4382744971049735j,-0.8988411790674605j,(-0.8988411790674605+0j)
(-0.7819554142233786+0j),0.7819554142233786j,-0.6233343646605285j,(-0.6233343646605285+0j)
(-0.33318364957520524+0j),-0.33318364957520524j,0.9428619494155797j,(-0.9428619494155797+0j)
(-0.26018040129654274+0j),-0.26018040129654274j,0.9655600233963552j,(-0.9655600233963552+0j)
(-0.0626479209244214+0j),-0.0626479209244214j,0.9980356897445339j,(-0.9980356897445339+0j)
(-0.043014439975855925+0j),0.043014439975855925j,-0.9990744506559878j,(-0.9990744506559878+0j)
(-0.3058851097881533+0j),-0.3058851097881533j,0.952068432209518j,(-0.952068432209518+0j)
(-0.20467917362964866+0j),-0.20467917362964866j,0.9788291147500081j,(-0.9788291147500081+0j)
(-0.641892789596704+0j),0.641892789596704j,-0.7667943966043058j,(-0.7667943966043058+0j)
(-0.9999570086009036+0j),-0.9999570086009036j,0.009272591327803711j,(-0.009272591327803711+0j)
(-0.36198827470123596+0j),-0.36198827470123596j,0.9321826478640453j,(-0.9321826478640453+0j)
(-0.060965349337994294+0j),-0.060965349337994294j,0.9981398830725564j,(-0.9981398830725564+0j)
(-0.5361087747261184+0j),0.5361087747261184j,-0.8441489096490383j,(-0.8441489096490383+0j)
(-0.6855856097059907+0j),0.6855856097059907j,-0.7279920135304131j,(-0.7279920135304131+0j)
(-0.25137866205355824+0j),-0.25137866205355824j,0.9678888201979415j,(-0.9678888201979415+0j)
(-0.15528073471233683+0j),0.15528073471233683j,-0.9878703829082017j,(-0.9878703829082017+0j)
(-0.9314475735513534+0j),0.9314475735513534j,-0.36387555252489284j,(-0.36387555252489284+0j)
(-0.9906225411967452+0j),0.9906225411967452j,-0.13662716008504017j,(-0.13662716008504017+0j)
(-0.31382431515562204+0j),0.31382431515562204j,-0.9494810683826744j,(-0.9494810683826744+0j)
(-0.44132307138418264+0j),0.44132307138418264j,-0.8973482861542846j,(-0.8973482861542846+0j)
(-0.6827344765491085+0j),0.6827344765491085j,-0.730666568642096j,(-0.730666568642096+0j)
(-0.7655828645409228+0j),0.7655828645409228j,-0.6433372968523706j,(-0.6433372968523706+0j)
(-0.3642025779685784+0j),0.3642025779685784j,-0.9313197529318499j,(-0.9313197529318499+0j)
(-0.5232569809515862+0j),0.5232569809515862j,-0.8521749420661414j,(-0.8521749420661414+0j)
(-0.9722505953065947+0j),0.9722505953065947j,-0.23394183021848006j,(-0.23394183021848006+0j)
(-0.9791991215340062+0j),-0.9791991215340062j,0.20290165200665755j,(-0.20290165200665755+0j)
(-0.49798955873304385+0j),-0.49798955873304385j,0.8671830253140732j,(-0.8671830253140732+0j)
(-0.42173168138784617+0j),-0.42173168138784617j,0.9067206785519897j,(-0.9067206785519897+0j)
(-0.101124728645918+0j),-0.101124728645918j,0.9948737554364823j,(-0.9948737554364823+0j)
(-0.1630547476057376+0j),0.1630547476057376j,-0.9866170225995643j,(-0.9866170225995643+0j)
(-0.4714017848461762+0j),-0.4714017848461762j,0.8819185661067804j,(-0.8819185661067804+0j)
(-0.35109341691841933+0j),-0.35109341691841933j,0.9363404362712042j,(-0.9363404362712042+0j)
(-0.998973847688691+0j),-0.998973847688691j,0.04529074556741061j,(-0.04529074556741061+0j)
(-0.8852179889777393+0j),-0.8852179889777393j,0.46517643103472794j,(-0.46517643103472794+0j)
(-0.2786213262254775+0j),-0.2786213262254775j,0.9604010394477696j,(-0.9604010394477696+0j)
(-0.19387756864153785+0j),-0.19387756864153785j,0.9810257327805658j,(-0.9810257327805658+0j)
(-0.15568084137257818+0j),0.15568084137257818j,-0.9878074081669596j,(-0.9878074081669596+0j)
(-0.4304550873107616+0j),0.4304550873107616j,-0.9026119973766606j,(-0.9026119973766606+0j)
(-0.24900106064068428+0j),-0.24900106064068428j,0.9685032120751146j,(-0.9685032120751146+0j)
(-0.11591058731519016+0j),-0.11591058731519016j,0.9932596517267013j,(-0.9932596517267013+0j)
(-0.9415294691860069+0j),-0.9415294691860069j,0.3369306436854864j,(-0.3369306436854864+0j)
(-0.7351373354993463+0j),-0.7351373354993463j,0.6779182088975938j,(-0.6779182088975938+0j)
(-0.3075435984406316+0j),-0.3075435984406316j,0.9515339904901913j,(-0.9515339904901913+0j)
(-0.15960870356414095+0j),0.15960870356414095j,-0.9871803592791817j,(-0.9871803592791817+0j)
(-0.9783210190876993+0j),-0.9783210190876993j,0.2070941419046072j,(-0.2070941419046072+0j)
(-0.9245826156099106+0j),-0.9245826156099106j,0.3809816096768141j,(-0.3809816096768141+0j)
(-0.1823761590139699+0j),-0.1823761590139699j,0.9832288322782807j,(-0.9832288322782807+0j)
(-0.7319257372198865+0j),0.7319257372198865j,-0.6813844107367923j,(-0.6813844107367923+0j)
(-0.8134648639942568+0j),-0.8134648639942568j,0.5816140602210416j,(-0.5816140602210416+0j)
(-0.7644590324450942+0j),-0.7644590324450942j,0.6446723103353442j,(-0.6446723103353442+0j)
(-0.9708182202115437+0j),0.9708182202115437j,-0.2398165617827315j,(-0.2398165617827315+0j)
(-0.9986936878344043+0j),-0.9986936878344043j,0.051097141600266585j,(-0.051097141600266585+0j)
(-0.9257073220020177+0j),-0.9257073220020177j,0.3782406033093918j,(-0.3782406033093918+0j)
(-0.8921010465712367+0j),-0.8921010465712367j,0.45183594667368404j,(-0.45183594667368404+0j)
(-0.9935892122526384+0j),0.9935892122526384j,-0.11305077308529063j,(-0.11305077308529063+0j)
(-0.9820766182124986+0j),-0.9820766182124986j,0.18848213697934996j,(-0.18848213697934996+0j)
(-0.7846367270243307+0j),-0.7846367270243307j,0.6199558102030708j,(-0.6199558102030708+0j)
(-0.6953959781099986+0j),-0.6953959781099986j,0.7186267693514057j,(-0.7186267693514057+0j)
(-0.8693165801321351+0j),-0.8693165801321351j,0.4942556863682698j,(-0.4942556863682698+0j)
(-0.7798740599656204+0j),-0.7798740599656204j,0.62593645890996j,(-0.62593645890996+0j)
(-0.09574199841410623+0j),0.09574199841410623j,-0.995406183293872j,(-0.995406183293872+0j)
(-0.6388953096914857+0j),0.6388953096914857j,-0.7692936911571683j,(-0.7692936911571683+0j)
(-0.8426252614153049+0j),-0.8426252614153049j,0.5385003888808153j,(-0.5385003888808153+0j)
(-0.6546237611998753+0j),-0.6546237611998753j,0.7559548473768316j,(-0.7559548473768316+0j)
(-0.9915831815181456+0j),0.9915831815181456j,-0.1294712096581799j,(-0.1294712096581799+0j)
(-0.9994522513014941+0j),-0.9994522513014941j,0.033093766306893424j,(-0.033093766306893424+0j)
(-0.47470238628358347+0j),-0.47470238628358347j,0.8801463767218904j,(-0.8801463767218904+0j)
(-0.20860127275327014+0j),-0.20860127275327014j,0.9780007714750106j,(-0.9780007714750106+0j)
(-0.6301849604109785+0j),0.6301849604109785j,-0.7764450500014883j,(-0.7764450500014883+0j)
(-0.8336942187969453+0j),0.8336942187969453j,-0.5522263571621253j,(-0.5522263571621253+0j)
(-0.3869098173769089+0j),-0.3869098173769089j,0.9221175593260151j,(-0.9221175593260151+0j)
(-0.0493855710119409+0j),0.0493855710119409j,-0.99877978822953j,(-0.99877978822953+0j)
(-0.9996486017468482+0j),0.9996486017468482j,-0.026507980412912833j,(-0.026507980412912833+0j)
(-0.9831000811855811+0j),-0.9831000811855811j,0.18306892246611414j,(-0.18306892246611414+0j)
(-0.5528271945440055+0j),-0.5528271945440055j,0.8332959216104472j,(-0.8332959216104472+0j)
(-0.6348575979908739+0j),0.6348575979908739j,-0.7726291673715523j,(-0.7726291673715523+0j)
(-0.9971027150978893+0j),0.9971027150978893j,-0.07606691491323671j,(-0.07606691491323671+0j)
(-0.9999715494531497+0j),0.9999715494531497j,-0.00754322770882074j,(-0.00754322770882074+0j)
(-0.17008709927216697+0j),-0.17008709927216697j,0.9854290327878411j,(-0.9854290327878411+0j)
(-0.9264680602351292+0j),0.9264680602351292j,-0.3763733961960615j,(-0.3763733961960615+0j)
(-0.9946320303443679+0j),-0.9946320303443679j,0.10347523478127756j,(-0.10347523478127756+0j)
(-0.988298760930315+0j),-0.988298760930315j,0.15253051872856263j,(-0.15253051872856263+0j)
(-0.9765698715624594+0j),0.9765698715624594j,-0.21520057145946828j,(-0.21520057145946828+0j)
(-0.9918184457020474+0j),0.9918184457020474j,-0.1276564560262235j,(-0.1276564560262235+0j)
(-0.9999616002194909+0j),0.9999616002194909j,-0.008763451744323122j,(-0.008763451744323122+0j)
(-0.9996567479357731+0j),-0.9996567479357731j,0.02619897529435749j,(-0.02619897529435749+0j)
(-0.9841336262261651+0j),0.9841336262261651j,-0.17742887513293576j,(-0.17742887513293576+0j)
(-0.9965842884926293+0j),0.9965842884926293j,-0.08258181355262317j,(-0.08258181355262317+0j)
(-0.9912380402286243+0j),-0.9912380402286243j,0.1320876512158359j,(-0.1320876512158359+0j)
(-0.9740211908094888+0j),-0.9740211908094888j,0.2264568829911456j,(-0.2264568829911456+0j)
(-0.7759965213571663+0j),-0.7759965213571663j,0.6307371868231468j,(-0.6307371868231468+0j)
(-0.6751035389958256+0j),-0.6751035389958256j,0.7377229911256066j,(-0.7377229911256066+0j)
(-0.5076422144121367+0j),0.5076422144121367j,-0.8615679788308883j,(-0.8615679788308883+0j)
(-0.9304318975757863+0j),0.9304318975757863j,-0.3664648468455355j,(-0.3664648468455355+0j)
(-0.7461619357060505+0j),-0.7461619357060505j,0.6657644971785444j,(-0.6657644971785444+0j)
(-0.5249347599485265+0j),-0.5249347599485265j,0.8511424662168977j,(-0.8511424662168977+0j)
(-0.9816336838854957+0j),-0.9816336838854957j,0.1907755504811639j,(-0.1907755504811639+0j)
(-0.953395342562614+0j),-0.953395342562614j,0.30172391482929556j,(-0.30172391482929556+0j)
(-0.2851418432398964+0j),-0.2851418432398964j,0.9584853307347769j,(-0.9584853307347769+0j)
(-0.10190673920208829+0j),0.10190673920208829j,-0.9947939568097494j,(-0.9947939568097494+0j)
(-0.9266776075826403+0j),0.9266776075826403j,-0.3758571691546061j,(-0.3758571691546061+0j)
(-0.9909572743849253+0j),0.9909572743849253j,-0.1341777937797464j,(-0.1341777937797464+0j)
(-0.15948370535284961+0j),-0.15948370535284961j,0.9872005610446773j,(-0.9872005610446773+0j)
(-0.45240672890382444+0j),0.45240672890382444j,-0.8918117243244461j,(-0.8918117243244461+0j)
(-0.9652706408077186+0j),-0.9652706408077186j,0.2612519664895491j,(-0.2612519664895491+0j)
(-0.9147120009556351+0j),-0.9147120009556351j,0.40410636632913693j,(-0.40410636632913693+0j)
(-0.3926446067770845+0j),-0.3926446067770845j,0.919690280892904j,(-0.919690280892904+0j)
(-0.928702523339519+0j),0.928702523339519j,-0.3708255966661559j,(-0.3708255966661559+0j)
(-0.9737856185984277+0j),-0.9737856185984277j,0.22746773180140853j,(-0.22746773180140853+0j)
(-0.9616898477907906+0j),-0.9616898477907906j,0.2741398122420858j,(-0.2741398122420858+0j)
(-0.15762056998586943+0j),0.15762056998586943j,-0.9874997498315277j,(-0.9874997498315277+0j)
(-0.9999271551485486+0j),-0.9999271551485486j,0.012069979143750917j,(-0.012069979143750917+0j)
(-0.9369141739138829+0j),-0.9369141739138829j,0.3495594809460425j,(-0.3495594809460425+0j)
(-0.9237095273024887+0j),-0.9237095273024887j,0.3830936036670579j,(-0.3830936036670579+0j)
(-0.9914040630576962+0j),-0.9914040630576962j,0.1308357128336581j,(-0.1308357128336581+0j)
(-0.9813892561232391+0j),-0.9813892561232391j,0.1920289768911851j,(-0.1920289768911851+0j)
(-0.9619257187693343+0j),-0.9619257187693343j,0.27331101618869974j,(-0.27331101618869974+0j)
(-0.9548635377474854+0j),-0.9548635377474854j,0.297044818639135j,(-0.297044818639135+0j)
(-0.9875287981868214+0j),-0.9875287981868214j,0.15743847290828308j,(-0.15743847290828308+0j)
(-0.974816038366963+0j),-0.974816038366963j,0.22301051845717976j,(-0.22301051845717976+0j)
(-0.9293934194979908+0j),-0.9293934194979908j,0.3690906010640638j,(-0.3690906010640638+0j)
(-0.9008153916930374+0j),-0.9008153916930374j,0.434202291667052j,(-0.434202291667052+0j)
(-0.10233660297373497+0j),0.10233660297373497j,-0.9947498276912624j,(-0.9947498276912624+0j)
(-0.6512032506259322+0j),0.6512032506259322j,-0.7589033709071397j,(-0.7589033709071397+0j)
(-0.9525340728261993+0j),0.9525340728261993j,-0.3044319958630058j,(-0.3044319958630058+0j)
(-0.9770965833311032+0j),0.9770965833311032j,-0.21279630363961857j,(-0.21279630363961857+0j)
(-0.356993002560406+0j),0.356993002560406j,-0.9341070581699433j,(-0.9341070581699433+0j)
(-0.8240945133881771+0j),0.8240945133881771j,-0.5664523219155376j,(-0.5664523219155376+0j)
(-0.9996761491077437+0j),0.9996761491077437j,-0.025447925359692487j,(-0.025447925359692487+0j)
(-0.9972279924003803+0j),-0.9972279924003803j,0.07440652641473987j,(-0.07440652641473987+0j)
(-0.8940231449958818+0j),0.8940231449958818j,-0.4480207765401875j,(-0.4480207765401875+0j)
(-0.9315947554338865+0j),0.9315947554338865j,-0.3634985717276994j,(-0.3634985717276994+0j)
(-0.9767074821303963+0j),0.9767074821303963j,-0.21457514849232115j,(-0.21457514849232115+0j)
(-0.9869042361985466+0j),0.9869042361985466j,-0.16130724897958967j,(-0.16130724897958967+0j)
(-0.9104064954180094+0j),0.9104064954180094j,-0.41371489349635215j,(-0.41371489349635215+0j)
(-0.9499747959067253+0j),0.9499747959067253j,-0.31232657130314084j,(-0.31232657130314084+0j)
(-0.999503239105957+0j),-0.999503239105957j,0.0315162659066763j,(-0.0315162659066763+0j)
(-0.9699953477393114+0j),-0.9699953477393114j,0.24312347760776307j,(-0.24312347760776307+0j)
(-0.8726500423393069+0j),0.8726500423393069j,-0.48834608998660567j,(-0.48834608998660567+0j)
(-0.9769159233296469+0j),0.9769159233296469j,-0.2136241530000378j,(-0.2136241530000378+0j)
(-0.9999982037789351+0j),-0.9999982037789351j,0.0018953730249337843j,(-0.0018953730249337843+0j)
(-0.9990231360360455+0j),-0.9990231360360455j,0.04419019874027646j,(-0.04419019874027646+0j)
(-0.9349682364754672+0j),0.9349682364754672j,-0.35473144318195826j,(-0.35473144318195826+0j)
(-0.9933131905288024+0j),0.9933131905288024j,-0.11545087925819837j,(-0.11545087925819837+0j)
(-0.9902065354828351+0j),-0.9902065354828351j,0.13961023274488474j,(-0.13961023274488474+0j)
(-0.9800790838727911+0j),-0.9800790838727911j,0.1986076266286637j,(-0.1986076266286637+0j)
(-0.9980715195606802+0j),0.9980715195606802j,-0.06207448623899341j,(-0.06207448623899341+0j)
(-0.9996977671617445+0j),0.9996977671617445j,-0.024584025948219217j,(-0.024584025948219217+0j)
(-0.9990599663930508+0j),-0.9990599663930508j,0.04334955075564825j,(-0.04334955075564825+0j)
(-0.9976197842982742+0j),-0.9976197842982742j,0.06895481112050704j,(-0.06895481112050704+0j)
(-0.9989010305476318+0j),0.9989010305476318j,-0.04686929880934229j,(-0.04686929880934229+0j)
(-0.9999986055687338+0j),0.9999986055687338j,-0.0016699881999796139j,(-0.0016699881999796139+0j)
(-0.9850343445005136+0j),-0.9850343445005136j,0.17235817402851406j,(-0.17235817402851406+0j)
(-0.9474340578741739+0j),-0.9474340578741739j,0.31995109935750626j,(-0.31995109935750626+0j)
(-0.6614656085649648+0j),0.6614656085649648j,-0.7499754987236454j,(-0.7499754987236454+0j)
(-0.8088840518692214+0j),0.8088840518692214j,-0.5879681884520886j,(-0.5879681884520886+0j)
(-0.9714028619235289+0j),0.9714028619235289j,-0.2374373177214936j,(-0.2374373177214936+0j)
(-0.9936433962864157+0j),0.9936433962864157j,-0.11257353603932452j,(-0.11257353603932452+0j)
(-0.7244654545024563+0j),0.7244654545024563j,-0.6893111091753487j,(-0.6893111091753487+0j)
(-0.8812988009261892+0j),0.8812988009261892j,-0.472559439103761j,(-0.472559439103761+0j)
(-0.9668079325643641+0j),-0.9668079325643641j,0.2555042495353451j,(-0.2555042495353451+0j)
(-0.8630252347576197+0j),-0.8630252347576197j,0.5051608102095366j,(-0.5051608102095366+0j)
(-0.9238441126083715+0j),0.9238441126083715j,-0.38276893238460535j,(-0.38276893238460535+0j)
(-0.9528634335396449+0j),0.9528634335396449j,-0.30339953365659467j,(-0.30339953365659467+0j)
(-0.9933304848319738+0j),0.9933304848319738j,-0.11530198568748015j,(-0.11530198568748015+0j)
(-0.9996171381135411+0j),0.9996171381135411j,-0.02766906557319129j,(-0.02766906557319129+0j)
(-0.9358462546235833+0j),0.9358462546235833j,-0.35240855226145057j,(-0.35240855226145057+0j)
(-0.9690561537590691+0j),0.9690561537590691j,-0.24684037526644542j,(-0.24684037526644542+0j)
(-0.9181724790255371+0j),-0.9181724790255371j,0.39618089146259944j,(-0.39618089146259944+0j)
(-0.507608228525538+0j),-0.507608228525538j,0.8615880026632019j,(-0.8615880026632019+0j)
(-0.9095019143668124+0j),0.9095019143668124j,-0.4156997326954921j,(-0.4156997326954921+0j)
(-0.9934985290691661+0j),0.9934985290691661j,-0.11384495042558236j,(-0.11384495042558236+0j)
(-0.9467515443209+0j),-0.9467515443209j,0.32196508091094456j,(-0.32196508091094456+0j)
(-0.9036125396530102+0j),-0.9036125396530102j,0.4283507653568943j,(-0.4283507653568943+0j)
(-0.9557383314409653+0j),0.9557383314409653j,-0.29421801748778j,(-0.29421801748778+0j)
(-0.9983041408105904+0j),-0.9983041408105904j,0.058213765042549374j,(-0.058213765042549374+0j)
(-0.7476898016463708+0j),-0.7476898016463708j,0.6640481612910398j,(-0.6640481612910398+0j)
(-0.6163827551629256+0j),-0.6163827551629256j,0.7874466960612388j,(-0.7874466960612388+0j)
(-0.9853000624153162+0j),-0.9853000624153162j,0.17083262862923482j,(-0.17083262862923482+0j)
(-0.966260804632029+0j),-0.966260804632029j,0.2575656371332639j,(-0.2575656371332639+0j)
(-0.9046228471373295+0j),-0.9046228471373295j,0.4262129801368697j,(-0.4262129801368697+0j)
(-0.8709658108394425+0j),-0.8709658108394425j,0.4913436234945891j,(-0.4913436234945891+0j)
(-0.9786972776534458+0j),-0.9786972776534458j,0.2053086425695078j,(-0.2053086425695078+0j)
(-0.9496977021238332+0j),-0.9496977021238332j,0.3131681251032921j,(-0.3131681251032921+0j)
(-0.677273167652502+0j),-0.677273167652502j,0.7357316469868249j,(-0.7357316469868249+0j)
(-0.3182819956154649+0j),-0.3182819956154649j,0.9479960818838006j,(-0.9479960818838006+0j)
(-0.9209477871641589+0j),-0.9209477871641589j,0.3896859932271616j,(-0.3896859932271616+0j)
(-0.6377084452564957+0j),-0.6377084452564957j,0.7702778322453159j,(-0.7702778322453159+0j)
(-0.0299635201373345+0j),0.0299635201373345j,-0.9995509929268139j,(-0.9995509929268139+0j)
(-0.18119016278869415+0j),0.18119016278869415j,-0.9834480794168072j,(-0.9834480794168072+0j)
(-0.8348910283197493+0j),-0.8348910283197493j,0.5504152712554328j,(-0.5504152712554328+0j)
(-0.385414677889803+0j),-0.385414677889803j,0.9227434779325724j,(-0.9227434779325724+0j)
(-0.4650186211437204+0j),0.4650186211437204j,-0.8853008991239043j,(-0.8853008991239043+0j)
(-0.5920251431065493+0j),0.5920251431065493j,-0.8059194934543215j,(-0.8059194934543215+0j)
(-0.2052088850512686+0j),-0.2052088850512686j,0.9787181992259139j,(-0.9787181992259139+0j)
(-0.06799603326285307+0j),-0.06799603326285307j,0.9976855914868759j,(-0.9976855914868759+0j)
(-0.1782951869502836+0j),0.1782951869502836j,-0.983977045621677j,(-0.983977045621677+0j)
(-0.26377293368843785+0j),0.26377293368843785j,-0.9645848015873956j,(-0.9645848015873956+0j)
(-0.15015235829783433+0j),-0.15015235829783433j,0.9886628693834917j,(-0.9886628693834917+0j)
(-0.016838897865722537+0j),0.016838897865722537j,-0.9998582157079413j,(-0.9998582157079413+0j)
(-0.5398899635791784+0j),0.5398899635791784j,-0.8417356041100278j,(-0.8417356041100278+0j)
(-0.7609669658329404+0j),0.7609669658329404j,-0.6487906264050125j,(-0.6487906264050125+0j)
(-0.2684548448854421+0j),-0.2684548448854421j,0.9632922693853271j,(-0.9632922693853271+0j)
(-0.17984317742143102+0j),0.17984317742143102j,-0.9836952940494144j,(-0.9836952940494144+0j)
(-0.5017396360053707+0j),0.5017396360053707j,-0.865018692087748j,(-0.865018692087748+0j)
(-0.5556821779086711+0j),0.5556821779086711j,-0.8313948022177405j,(-0.8313948022177405+0j)
(-0.05351483731175224+0j),-0.05351483731175224j,0.9985670544272413j,(-0.9985670544272413+0j)
(-0.3348138330622522+0j),0.3348138330622522j,-0.9422842974337216j,(-0.9422842974337216+0j)
(-0.6641003637271611+0j),0.6641003637271611j,-0.7476434356680011j,(-0.7476434356680011+0j)
(-0.7218880249047444+0j),0.7218880249047444j,-0.6920098839605742j,(-0.6920098839605742+0j)
(-0.4136757490340769+0j),0.4136757490340769j,-0.9104242827721016j,(-0.9104242827721016+0j)
(-0.46620032370925607+0j),0.46620032370925607j,-0.8846791837572447j,(-0.8846791837572447+0j)
(-0.5546446729109521+0j),0.5546446729109521j,-0.8320873072049008j,(-0.8320873072049008+0j)
(-0.5856051679086632+0j),0.5856051679086632j,-0.8105964392462296j,(-0.8105964392462296+0j)
(-0.43528049831597104+0j),0.43528049831597104j,-0.9002948893478181j,(-0.9002948893478181+0j)
(-0.49703218169939073+0j),0.49703218169939073j,-0.8677321074819946j,(-0.8677321074819946+0j)
(-0.6970359230657022+0j),0.6970359230657022j,-0.7170362068654167j,(-0.7170362068654167+0j)
(-0.8197811743932225+0j),0.8197811743932225j,-0.5726768950380914j,(-0.5726768950380914+0j)
(-0.6270968167041456+0j),-0.6270968167041456j,0.7789413215894555j,(-0.7789413215894555+0j)
(-0.41619826078176986+0j),-0.41619826078176986j,0.9092738903774978j,(-0.9092738903774978+0j)
(-0.14089430650917464+0j),0.14089430650917464j,-0.9900246433262654j,(-0.9900246433262654+0j)
(-0.3391769129896678+0j),0.3391769129896678j,-0.9407226061357298j,(-0.9407226061357298+0j)
(-0.5523530462655039+0j),-0.5523530462655039j,0.8336102880130609j,(-0.8336102880130609+0j)
(-0.2439035963267125+0j),-0.2439035963267125j,0.9697994822121201j,(-0.9697994822121201+0j)
(-0.7711675161308839+0j),0.7711675161308839j,-0.636632281670136j,(-0.636632281670136+0j)
(-0.9223669149654432+0j),0.9223669149654432j,-0.38631499346664117j,(-0.38631499346664117+0j)
(-0.09970151236146553+0j),-0.09970151236146553j,0.995017391020296j,(-0.995017391020296+0j)
(-0.031679973241097815+0j),0.031679973241097815j,-0.9994980636776859j,(-0.9994980636776859+0j)
(-0.33503990189824656+0j),0.33503990189824656j,-0.9422039397795009j,(-0.9422039397795009+0j)
(-0.4619740479546168+0j),0.4619740479546168j,-0.8868934428759893j,(-0.8868934428759893+0j)
(-0.04967298622968223+0j),-0.04967298622968223j,0.9987655352679256j,(-0.9987655352679256+0j)
(-0.12542085942967288+0j),0.12542085942967288j,-0.9921036276619103j,(-0.9921036276619103+0j)
(-0.8682099959866018+0j),0.8682099959866018j,-0.4961969396005431j,(-0.4961969396005431+0j)
(-0.9999997545231275+0j),0.9999997545231275j,-0.0007006808722416847j,(-0.0007006808722416847+0j)
(-0.15336491400200436+0j),-0.15336491400200436j,0.9881696226626064j,(-0.9881696226626064+0j)
(-0.3372504702662707+0j),0.3372504702662707j,-0.9414149564911212j,(-0.9414149564911212+0j)
(-0.8211831595822939+0j),0.8211831595822939j,-0.5706647162900831j,(-0.5706647162900831+0j)
(-0.8859387128313251+0j),0.8859387128313251j,-0.46380232546503564j,(-0.46380232546503564+0j)
(-0.04694182445872437+0j),0.04694182445872437j,-0.9988976249428599j,(-0.9988976249428599+0j)
(-0.5727794293857709+0j),0.5727794293857709j,-0.8197095371364851j,(-0.8197095371364851+0j)
(-0.974555968634825+0j),0.974555968634825j,-0.224144292807643j,(-0.224144292807643+0j)
(-0.9958820626074242+0j),0.9958820626074242j,-0.09065824494651738j,(-0.09065824494651738+0j)
(-0.6955495186715279+0j),0.6955495186715279j,-0.7184781604724014j,(-0.7184781604724014+0j)
(-0.7728382514821396+0j),0.7728382514821396j,-0.6346030547090278j,(-0.6346030547090278+0j)
(-0.8848077507931639+0j),0.8848077507931639j,-0.4659562684805756j,(-0.4659562684805756+0j)
(-0.9163974327610181+0j),0.9163974327610181j,-0.40026959068734563j,(-0.40026959068734563+0j)
(-0.7280149816684471+0j),0.7280149816684471j,-0.6855612200717678j,(-0.6855612200717678+0j)
(-0.8150084692950886+0j),0.8150084692950886j,-0.5794490443320073j,(-0.5794490443320073+0j)
(-0.9889661563191922+0j),0.9889661563191922j,-0.14814162701699846j,(-0.14814162701699846+0j)
(-0.9911811996686191+0j),-0.9911811996686191j,0.13251350657000016j,(-0.13251350657000016+0j)
(-0.031799430882694595+0j),0.031799430882694595j,-0.9994942702164614j,(-0.9994942702164614+0j)
(-0.18535198907683892+0j),0.18535198907683892j,-0.9826721936359345j,(-0.9826721936359345+0j)
(-0.3677618534299858+0j),0.3677618534299858j,-0.9299200068617418j,(-0.9299200068617418+0j)
(-0.41500798290995056+0j),0.41500798290995056j,-0.9098177697324966j,(-0.9098177697324966+0j)
(-0.09974250547658094+0j),0.09974250547658094j,-0.9950132826255409j,(-0.9950132826255409+0j)
(-0.25837932207474723+0j),0.25837932207474723j,-0.9660435424576855j,(-0.9660435424576855+0j)
(-0.5407542592857424+0j),0.5407542592857424j,-0.8411806173850704j,(-0.8411806173850704+0j)
(-0.6328351852862136+0j),0.6328351852862136j,-0.7742865285304685j,(-0.7742865285304685+0j)
(-0.3046124074006403+0j),0.3046124074006403j,-0.9524763940684234j,(-0.9524763940684234+0j)
(-0.34049304325890145+0j),0.34049304325890145j,-0.9402470353541628j,(-0.9402470353541628+0j)
(-0.41402176707555255+0j),0.41402176707555255j,-0.9102669808290516j,(-0.9102669808290516+0j)
(-0.44496997672566463+0j),0.44496997672566463j,-0.8955454872940636j,(-0.8955454872940636+0j)
(-0.3187992776717807+0j),0.3187992776717807j,-0.947822251561943j,(-0.947822251561943+0j)
(-0.36399123248637766+0j),0.36399123248637766j,-0.9314023742041072j,(-0.9314023742041072+0j)
(-0.5905467793054312+0j),0.5905467793054312j,-0.8070034085751945j,(-0.8070034085751945+0j)
(-0.8429778866520211+0j),0.8429778866520211j,-0.5379482155521035j,(-0.5379482155521035+0j)
(-0.28846737218551927+0j),0.28846737218551927j,-0.9574897258897254j,(-0.9574897258897254+0j)
(-0.414548631615529+0j),0.414548631615529j,-0.9100271600483651j,(-0.9100271600483651+0j)
(-0.5638099617988682+0j),0.5638099617988682j,-0.8259045507662243j,(-0.8259045507662243+0j)
(-0.6025861454711826+0j),0.6025861454711826j,-0.7980538436009084j,(-0.7980538436009084+0j)
(-0.3444107209101654+0j),0.3444107209101654j,-0.9388190748606147j,(-0.9388190748606147+0j)
(-0.47426330218084134+0j),0.47426330218084134j,-0.8803830531107036j,(-0.8803830531107036+0j)
(-0.7060542555040409+0j),0.7060542555040409j,-0.7081577425154897j,(-0.7081577425154897+0j)
(-0.7816579145425393+0j),0.7816579145425393j,-0.6237073870277702j,(-0.6237073870277702+0j)
(-0.512081785204228+0j),0.512081785204228j,-0.8589366945602283j,(-0.8589366945602283+0j)
(-0.5414602067776336+0j),0.5414602067776336j,-0.8407263790772374j,(-0.8407263790772374+0j)
(-0.6017760293374297+0j),0.6017760293374297j,-0.7986648925017782j,(-0.7986648925017782+0j)
(-0.6272117371544961+0j),0.6272117371544961j,-0.7788487894165591j,(-0.7788487894165591+0j)
(-0.5236941190496744+0j),0.5236941190496744j,-0.8519063737716636j,(-0.8519063737716636+0j)
(-0.560718248269763+0j),0.560718248269763j,-0.828006670297582j,(-0.828006670297582+0j)
(-0.7470074305104333+0j),0.7470074305104333j,-0.6648156878129459j,(-0.6648156878129459+0j)
(-0.9444309340565669+0j),0.9444309340565669j,-0.32870991892098517j,(-0.32870991892098517+0j)
(-0.1888902693996252+0j),0.1888902693996252j,-0.9819982006735741j,(-0.9819982006735741+0j)
(-0.2502705489180005+0j),0.2502705489180005j,-0.9681759408001641j,(-0.9681759408001641+0j)
(-0.40161086138195234+0j),0.40161086138195234j,-0.9158104148894827j,(-0.9158104148894827+0j)
(-0.47619387597371765+0j),0.47619387597371765j,-0.8793403166494345j,(-0.8793403166494345+0j)
(-0.2122642426567424+0j),0.2122642426567424j,-0.97721230614916j,(-0.97721230614916+0j)
(-0.2947268706280986+0j),0.2947268706280986j,-0.9555815358878427j,(-0.9555815358878427+0j)
(-0.8602311257801898+0j),0.8602311257801898j,-0.5099043147875371j,(-0.5099043147875371+0j)
(-0.9017684027303478+0j),-0.9017684027303478j,0.4322195597577203j,(-0.4322195597577203+0j)
(-0.3320241390192976+0j),0.3320241390192976j,-0.9432708895691069j,(-0.9432708895691069+0j)
(-0.3682580926145379+0j),0.3682580926145379j,-0.9297236025959019j,(-0.9297236025959019+0j)
(-0.4743629201662498+0j),0.4743629201662498j,-0.8803293815222507j,(-0.8803293815222507+0j)
(-0.5389457435497899+0j),0.5389457435497899j,-0.8423404807496577j,(-0.8423404807496577+0j)
(-0.34545580977961504+0j),0.34545580977961504j,-0.9384350182561979j,(-0.9384350182561979+0j)
(-0.3966426657121315+0j),0.3966426657121315j,-0.9179730909655112j,(-0.9179730909655112+0j)
(-0.9993849437795436+0j),0.9993849437795436j,-0.03506756545240197j,(-0.03506756545240197+0j)
(-0.22982494621436322+0j),-0.22982494621436322j,0.9732319837004768j,(-0.9732319837004768+0j)
(-0.31796561124575473+0j),0.31796561124575473j,-0.9481022466301373j,(-0.9481022466301373+0j)
(-0.47533938557498673+0j),0.47533938557498673j,-0.8798025167736191j,(-0.8798025167736191+0j)
(-0.9467307689552916+0j),0.9467307689552916j,-0.32202616526195893j,(-0.32202616526195893+0j)
(-0.994317341033591+0j),-0.994317341033591j,0.10645668283339227j,(-0.10645668283339227+0j)
(-0.37270350568431787+0j),0.37270350568431787j,-0.9279504818957852j,(-0.9279504818957852+0j)
(-0.6163481998641731+0j),0.6163481998641731j,-0.7874737433871641j,(-0.7874737433871641+0j)
(-0.5558941685515212+0j),-0.5558941685515212j,0.8312530742020826j,(-0.8312530742020826+0j)
(-0.33536629828603576+0j),-0.33536629828603576j,0.9420878122414713j,(-0.9420878122414713+0j)
(-0.745040720223621+0j),0.745040720223621j,-0.6670189841441309j,(-0.6670189841441309+0j)
(-0.8630962153506069+0j),0.8630962153506069j,-0.5050395262229076j,(-0.5050395262229076+0j)
(-0.9952901848199547+0j),-0.9952901848199547j,0.09694043532531033j,(-0.09694043532531033+0j)
(-0.9257891430193971+0j),-0.9257891430193971j,0.3780402923861564j,(-0.3780402923861564+0j)
(-0.7907240049419164+0j),0.7907240049419164j,-0.6121728089425535j,(-0.6121728089425535+0j)
(-0.9364679025768051+0j),0.9364679025768051j,-0.35075328572003384j,(-0.35075328572003384+0j)
(-0.4196467088417888+0j),-0.4196467088417888j,0.9076875231919049j,(-0.9076875231919049+0j)
(-0.11491790907062566+0j),-0.11491790907062566j,0.9933749917200633j,(-0.9933749917200633+0j)
(-0.8361282254010445+0j),-0.8361282254010445j,0.548534037856996j,(-0.548534037856996+0j)
(-0.39888153631510825+0j),-0.39888153631510825j,0.9170024645478874j,(-0.9170024645478874+0j)
(-0.4590920246907374+0j),0.4590920246907374j,-0.888388717209623j,(-0.888388717209623+0j)
(-0.5897474264883017+0j),0.5897474264883017j,-0.8075877493810969j,(-0.8075877493810969+0j)
(-0.7054018218533213+0j),-0.7054018218533213j,0.7088076394382437j,(-0.7088076394382437+0j)
(-0.02328945102146165+0j),-0.02328945102146165j,0.9997287639510624j,(-0.9997287639510624+0j)
(-0.7843790953204379+0j),0.7843790953204379j,-0.6202817382643885j,(-0.6202817382643885+0j)
(-0.8542883470969397+0j),0.8542883470969397j,-0.5197994036302648j,(-0.5197994036302648+0j)
(-0.2094900764046569+0j),0.2094900764046569j,-0.9778107730476133j,(-0.9778107730476133+0j)
(-0.36241904761627625+0j),0.36241904761627625j,-0.932015254126729j,(-0.932015254126729+0j)
(-0.5874415845236116+0j),0.5874415845236116j,-0.8092665721333044j,(-0.8092665721333044+0j)
(-0.6525800292832618+0j),0.6525800292832618j,-0.757719806644024j,(-0.757719806644024+0j)
(-0.27338140042932396+0j),0.27338140042932396j,-0.961905717780751j,(-0.961905717780751+0j)
(-0.4467161457403428+0j),0.4467161457403428j,-0.8946757430124576j,(-0.8946757430124576+0j)
(-0.8267143554603332+0j),0.8267143554603332j,-0.562621875219766j,(-0.562621875219766+0j)
(-0.9334654735942971+0j),0.9334654735942971j,-0.35866726865909415j,(-0.35866726865909415+0j)
(-0.13186654227396638+0j),0.13186654227396638j,-0.991267479053312j,(-0.991267479053312+0j)
(-0.5886754534952242+0j),0.5886754534952242j,-0.8083694764476157j,(-0.8083694764476157+0j)
(-0.8055572304910676+0j),0.8055572304910676j,-0.5925179730637387j,(-0.5925179730637387+0j)
(-0.8352274922030416+0j),0.8352274922030416j,-0.5499045701466919j,(-0.5499045701466919+0j)
(-0.37734711513714836+0j),0.37734711513714836j,-0.9260718949939426j,(-0.9260718949939426+0j)
(-0.7023483114519408+0j),0.7023483114519408j,-0.7118334421763336j,(-0.7118334421763336+0j)
(-0.8899579876902725+0j),0.8899579876902725j,-0.4560425201078089j,(-0.4560425201078089+0j)
(-0.916536868184915+0j),0.916536868184915j,-0.3999502084732401j,(-0.3999502084732401+0j)
(-0.7533686018010733+0j),0.7533686018010733j,-0.6575984715769158j,(-0.6575984715769158+0j)
(-0.7850733677392387+0j),0.7850733677392387j,-0.6194027827404153j,(-0.6194027827404153+0j)
(-0.8346725322218667+0j),0.8346725322218667j,-0.5507465514684018j,(-0.5507465514684018+0j)
(-0.8509744300552993+0j),0.8509744300552993j,-0.5252071204696854j,(-0.5252071204696854+0j)
(-0.7666214301079186+0j),0.7666214301079186j,-0.642099355940566j,(-0.642099355940566+0j)
(-0.80288754633194+0j),0.80288754633194j,-0.5961305125096994j,(-0.5961305125096994+0j)
(-0.9053280211937201+0j),0.9053280211937201j,-0.42471304905955437j,(-0.42471304905955437+0j)
(-0.957197444051126+0j),0.957197444051126j,-0.2894357495230877j,(-0.2894357495230877+0j)
(-0.3823714713655989+0j),-0.3823714713655989j,0.9240086892912357j,(-0.9240086892912357+0j)
(-0.06647830184685907+0j),-0.06647830184685907j,0.9977878709342773j,(-0.9977878709342773+0j)
(-0.5569933206717387+0j),0.5569933206717387j,-0.8305169719681049j,(-0.8305169719681049+0j)
(-0.7052837461507028+0j),0.7052837461507028j,-0.7089251282156891j,(-0.7089251282156891+0j)
(-0.2672400761633464+0j),-0.2672400761633464j,0.9636299817316857j,(-0.9636299817316857+0j)
(-0.16253457592826023+0j),0.16253457592826023j,-0.98670284869753j,(-0.98670284869753+0j)
(-0.9377384323849713+0j),0.9377384323849713j,-0.34734224106517303j,(-0.34734224106517303+0j)
(-0.9914286374582799+0j),0.9914286374582799j,-0.13064936596715254j,(-0.13064936596715254+0j)
(-0.328940641086659+0j),0.328940641086659j,-0.9443505994287809j,(-0.9443505994287809+0j)
(-0.4606977257118164+0j),0.4606977257118164j,-0.8875570998667973j,(-0.8875570998667973+0j)
(-0.7025007428143725+0j),0.7025007428143725j,-0.7116830097348502j,(-0.7116830097348502+0j)
(-0.7825863893525004+0j),0.7825863893525004j,-0.6225420011535101j,(-0.6225420011535101+0j)
(-0.3812697165310949+0j),0.3812697165310949j,-0.9244638463759947j,(-0.9244638463759947+0j)
(-0.5440313882674486+0j),0.5440313882674486j,-0.8390648655376965j,(-0.8390648655376965+0j)
(-0.9748274639736073+0j),0.9748274639736073j,-0.2229605693453117j,(-0.2229605693453117+0j)
(-0.9817444239226784+0j),-0.9817444239226784j,0.1902048529789098j,(-0.1902048529789098+0j)
(-0.2697472643993531+0j),0.2697472643993531j,-0.9629311571182363j,(-0.9629311571182363+0j)
(-0.7039893334676407+0j),0.7039893334676407j,-0.7102105450947537j,(-0.7102105450947537+0j)
(-0.9577346881911332+0j),0.9577346881911332j,-0.28765303237656475j,(-0.28765303237656475+0j)
(-0.9807144483765019+0j),0.9807144483765019j,-0.19544608142803385j,(-0.19544608142803385+0j)
(-0.47484547238533986+0j),0.47484547238533986j,-0.8800691889591089j,(-0.8800691889591089+0j)
(-0.8442858811984286+0j),0.8442858811984286j,-0.535893040455829j,(-0.535893040455829+0j)
(-0.9999955460919868+0j),-0.9999955460919868j,0.00298459313631594j,(-0.00298459313631594+0j)
(-0.9934978505454644+0j),-0.9934978505454644j,0.1138508715888577j,(-0.1138508715888577+0j)
(-0.904646956121303+0j),0.904646956121303j,-0.4261618058677497j,(-0.4261618058677497+0j)
(-0.9384323260810851+0j),0.9384323260810851j,-0.34546312301900484j,(-0.34546312301900484+0j)
(-0.9803499633263487+0j),0.9803499633263487j,-0.19726618921149927j,(-0.19726618921149927+0j)
(-0.9898326452747574+0j),0.9898326452747574j,-0.14223689517272384j,(-0.14223689517272384+0j)
(-0.9192480636751804+0j),0.9192480636751804j,-0.39367879982217935j,(-0.39367879982217935+0j)
(-0.9553577991313299+0j),0.9553577991313299j,-0.2954513084062104j,(-0.2954513084062104+0j)
(-0.9978301335764017+0j),-0.9978301335764017j,0.06584090314462893j,(-0.06584090314462893+0j)
(-0.9517118354163759+0j),-0.9517118354163759j,0.30699280501079007j,(-0.30699280501079007+0j)
(-0.4608093655146396+0j),0.4608093655146396j,-0.8874991429032457j,(-0.8874991429032457+0j)
(-0.5930496909335667+0j),0.5930496909335667j,-0.8051658612258727j,(-0.8051658612258727+0j)
(-0.724182833319924+0j),0.724182833319924j,-0.6896080219405276j,(-0.6896080219405276+0j)
(-0.754194555935377+0j),0.754194555935377j,-0.6566510274091097j,(-0.6566510274091097+0j)
(-0.5220361430485092+0j),0.5220361430485092j,-0.8529233642895688j,(-0.8529233642895688+0j)
(-0.6486446632854717+0j),0.6486446632854717j,-0.7610913879366112j,(-0.7610913879366112+0j)
(-0.8271839365777073+0j),0.8271839365777073j,-0.5619312547525787j,(-0.5619312547525787+0j)
(-0.8748289050594671+0j),0.8748289050594671j,-0.4844320250277166j,(-0.4844320250277166+0j)
(-0.6816510086325948+0j),0.6816510086325948j,-0.7316774579212935j,(-0.7316774579212935+0j)
(-0.7061665565467079+0j),0.7061665565467079j,-0.7080457572890083j,(-0.7080457572890083+0j)
(-0.7535832362185193+0j),0.7535832362185193j,-0.6573524975919871j,(-0.6573524975919871+0j)
(-0.7724682482663341+0j),0.7724682482663341j,-0.635053387850456j,(-0.635053387850456+0j)
(-0.691456362930229+0j),0.691456362930229j,-0.7224182293957563j,(-0.7224182293957563+0j)
(-0.7217225203907695+0j),0.7217225203907695j,-0.6921824929603431j,(-0.6921824929603431+0j)
(-0.8535272388931583+0j),0.8535272388931583j,-0.5210482247042223j,(-0.5210482247042223+0j)
(-0.9658922902220571+0j),0.9658922902220571j,-0.2589441709897901j,(-0.2589441709897901+0j)
(-0.6703100556579055+0j),0.6703100556579055j,-0.7420811473712937j,(-0.7420811473712937+0j)
(-0.7539098994649479+0j),0.7539098994649479j,-0.6569778257207409j,(-0.6569778257207409+0j)
(-0.8395541027071196+0j),0.8395541027071196j,-0.5432760887685407j,(-0.5432760887685407+0j)
(-0.8596906899253073+0j),0.8596906899253073j,-0.5108149544167134j,(-0.5108149544167134+0j)
(-0.7087870949291946+0j),0.7087870949291946j,-0.7054224649540395j,(-0.7054224649540395+0j)
(-0.7897876689573751+0j),0.7897876689573751j,-0.6133803371179061j,(-0.6133803371179061+0j)
(-0.9094344876870947+0j),0.9094344876870947j,-0.4158472226735579j,(-0.4158472226735579+0j)
(-0.9420669560049979+0j),0.9420669560049979j,-0.33542488041807134j,(-0.33542488041807134+0j)
(-0.8113764756642452+0j),0.8113764756642452j,-0.5845239214426289j,(-0.5845239214426289+0j)
(-0.8275671693363446+0j),0.8275671693363446j,-0.5613667074530073j,(-0.5613667074530073+0j)
(-0.8592784424588384+0j),0.8592784424588384j,-0.5115081214658402j,(-0.5115081214658402+0j)
(-0.8720520443799153+0j),0.8720520443799153j,-0.48941315051070106j,(-0.48941315051070106+0j)
(-0.8178357717131045+0j),0.8178357717131045j,-0.5754516925915076j,(-0.5754516925915076+0j)
(-0.8379126783203676+0j),0.8379126783203676j,-0.5458043088048938j,(-0.5458043088048938+0j)
(-0.9275184624619205+0j),0.9275184624619205j,-0.3737773425346634j,(-0.3737773425346634+0j)
(-0.9965448967970117+0j),0.9965448967970117j,-0.08305581658037714j,(-0.08305581658037714+0j)
(-0.5958455317676324+0j),0.5958455317676324j,-0.8030990613072261j,(-0.8030990613072261+0j)
(-0.6426851491329688+0j),0.6426851491329688j,-0.7661304060562625j,(-0.7661304060562625+0j)
(-0.7458357007531107+0j),0.7458357007531107j,-0.6661299478946405j,(-0.6661299478946405+0j)
(-0.7909105558205058+0j),0.7909105558205058j,-0.6119317712716824j,(-0.6119317712716824+0j)
(-0.6140488443296241+0j),0.6140488443296241j,-0.7892680259439459j,(-0.7892680259439459+0j)
(-0.6747302368328789+0j),0.6747302368328789j,-0.7380644331651859j,(-0.7380644331651859+0j)
(-0.972067104791664+0j),0.972067104791664j,-0.23470309708640819j,(-0.23470309708640819+0j)
(-0.8070345107191484+0j),-0.8070345107191484j,0.5905042747587056j,(-0.5905042747587056+0j)
(-0.7004642866979716+0j),0.7004642866979716j,-0.713687454745214j,(-0.713687454745214+0j)
(-0.7245058967592771+0j),0.7245058967592771j,-0.6892686018969931j,(-0.6892686018969931+0j)
(-0.7898456656616304+0j),0.7898456656616304j,-0.6133056533536406j,(-0.6133056533536406+0j)
(-0.8262008633281728+0j),0.8262008633281728j,-0.5633756592503637j,(-0.5633756592503637+0j)
(-0.7094843161536524+0j),0.7094843161536524j,-0.7047212251181203j,(-0.7047212251181203+0j)
(-0.7427058079198221+0j),0.7427058079198221j,-0.6696178633236755j,(-0.6696178633236755+0j)
(-0.9869818780883167+0j),-0.9869818780883167j,0.16083150290057968j,(-0.16083150290057968+0j)
(-0.17981472063282522+0j),0.17981472063282522j,-0.983700496209969j,(-0.983700496209969+0j)
(-0.6908842613766112+0j),0.6908842613766112j,-0.7229653777201883j,(-0.7229653777201883+0j)
(-0.7904138351744023+0j),0.7904138351744023j,-0.6125732357562588j,(-0.6125732357562588+0j)
(-0.9969883773516386+0j),0.9969883773516386j,-0.07755111492265494j,(-0.07755111492265494+0j)
(-0.9589000908072306+0j),-0.9589000908072306j,0.2837439265427283j,(-0.2837439265427283+0j)
(-0.7273924146716685+0j),0.7273924146716685j,-0.6862217390014103j,(-0.6862217390014103+0j)
(-0.8666393326396258+0j),0.8666393326396258j,-0.49893513318060095j,(-0.49893513318060095+0j)
(-0.27263558844501634+0j),-0.27263558844501634j,0.9621173711732055j,(-0.9621173711732055+0j)
(-0.04489281801380969+0j),0.04489281801380969j,-0.9989918092210661j,(-0.9989918092210661+0j)
(-0.9266715452445993+0j),0.9266715452445993j,-0.3758721155313158j,(-0.3758721155313158+0j)
(-0.9730656446080049+0j),0.9730656446080049j,-0.23052820062545062j,(-0.23052820062545062+0j)
(-0.9613568843265792+0j),-0.9613568843265792j,0.27530517786248143j,(-0.27530517786248143+0j)
(-0.8435006248296102+0j),-0.8435006248296102j,0.5371281931830217j,(-0.5371281931830217+0j)
(-0.945752413336927+0j),0.945752413336927j,-0.32488824642848935j,(-0.32488824642848935+0j)
(-0.9948629073158314+0j),0.9948629073158314j,-0.10123139654816465j,(-0.10123139654816465+0j)
(-0.07137300642020782+0j),-0.07137300642020782j,0.9974496949493448j,(-0.9974496949493448+0j)
(-0.3124815262081435+0j),0.3124815262081435j,-0.9499238368304216j,(-0.9499238368304216+0j)
(-0.19544214242012456+0j),-0.19544214242012456j,0.9807152333711514j,(-0.9807152333711514+0j)
(-0.059205044168546626+0j),-0.059205044168546626j,0.9982458428388272j,(-0.9982458428388272+0j)
(-0.18295214798530324+0j),0.18295214798530324j,-0.9831218192816004j,(-0.9831218192816004+0j)
(-0.2664946532593856+0j),0.2664946532593856j,-0.9638363967936466j,(-0.9638363967936466+0j)
(-0.14064423164382933+0j),-0.14064423164382933j,0.9900602002430543j,(-0.9900602002430543+0j)
(-0.024508618550322835+0j),0.024508618550322835j,-0.999699618693913j,(-0.999699618693913+0j)
(-0.5360034575888203+0j),0.5360034575888203j,-0.8442157860718016j,(-0.8442157860718016+0j)
(-0.7536892737899155+0j),0.7536892737899155j,-0.6572309172384012j,(-0.6572309172384012+0j)
(-0.08603691980023397+0j),0.08603691980023397j,-0.9962919493960032j,(-0.9962919493960032+0j)
(-0.13914004734396904+0j),0.13914004734396904j,-0.990272713561834j,(-0.990272713561834+0j)
(-0.26464824544148263+0j),0.26464824544148263j,-0.9643450140819649j,(-0.9643450140819649+0j)
(-0.3247061989191985+0j),0.3247061989191985j,-0.9458149313599602j,(-0.9458149313599602+0j)
(-0.10644142870419515+0j),0.10644142870419515j,-0.9943189741000671j,(-0.9943189741000671+0j)
(-0.1767077625746636+0j),0.1767077625746636j,-0.9842633624421142j,(-0.9842633624421142+0j)
(-0.654986637007508+0j),0.654986637007508j,-0.7556404603656391j,(-0.7556404603656391+0j)
(-0.9993353484439197+0j),-0.9993353484439197j,0.036453550587971756j,(-0.036453550587971756+0j)
(-0.06371306712273898+0j),0.06371306712273898j,-0.9979682585522515j,(-0.9979682585522515+0j)
(-0.2656340973303762+0j),0.2656340973303762j,-0.9640739216136264j,(-0.9640739216136264+0j)
(-0.5909162146341819+0j),0.5909162146341819j,-0.8067329342988357j,(-0.8067329342988357+0j)
(-0.683619357809638+0j),0.683619357809638j,-0.7298387312467997j,(-0.7298387312467997+0j)
(-0.1452449558035993+0j),0.1452449558035993j,-0.9893957260942715j,(-0.9893957260942715+0j)
(-0.38552439122393406+0j),0.38552439122393406j,-0.9226976448281501j,(-0.9226976448281501+0j)
(-0.8983137884149293+0j),0.8983137884149293j,-0.43935445547259233j,(-0.43935445547259233+0j)
(-0.984304541925832+0j),0.984304541925832j,-0.17647823872698293j,(-0.17647823872698293+0j)
(-0.4692952453126329+0j),0.4692952453126329j,-0.8830413199431586j,(-0.8830413199431586+0j)
(-0.5376719634980067+0j),0.5376719634980067j,-0.8431541138298491j,(-0.8431541138298491+0j)
(-0.6817016997287985+0j),0.6817016997287985j,-0.731630229410231j,(-0.731630229410231+0j)
(-0.7409444972836471+0j),0.7409444972836471j,-0.6715662677242534j,(-0.6715662677242534+0j)
(-0.4960366918291846+0j),0.4960366918291846j,-0.8683015607259719j,(-0.8683015607259719+0j)
(-0.5835138664777944+0j),0.5835138664777944j,-0.8121031754821152j,(-0.8121031754821152+0j)
(-0.954229833925394+0j),0.954229833925394j,-0.299074278477296j,(-0.299074278477296+0j)
(-0.9344870722694127+0j),-0.9344870722694127j,0.35599706706845446j,(-0.35599706706845446+0j)
(-0.05548270341170786+0j),-0.05548270341170786j,0.9984596484696459j,(-0.9984596484696459+0j)
(-0.014447343899704023+0j),0.014447343899704023j,-0.9998956316807489j,(-0.9998956316807489+0j)
(-0.24179038878579232+0j),0.24179038878579232j,-0.9703285051418491j,(-0.9703285051418491+0j)
(-0.38966345327148677+0j),0.38966345327148677j,-0.9209573243014794j,(-0.9209573243014794+0j)
(-0.030084136622640437+0j),-0.030084136622640437j,0.9995473699248428j,(-0.9995473699248428+0j)
(-0.07225742757013182+0j),0.07225742757013182j,-0.997386015623313j,(-0.997386015623313+0j)
(-0.995594805927545+0j),-0.995594805927545j,0.09376023896137534j,(-0.09376023896137534+0j)
(-0.6652453409423741+0j),-0.6652453409423741j,0.7466248297200304j,(-0.7466248297200304+0j)
(-0.1261542714276559+0j),0.1261542714276559j,-0.9920106349231129j,(-0.9920106349231129+0j)
(-0.1837784882477674+0j),0.1837784882477674j,-0.9829676837299206j,(-0.9829676837299206+0j)
(-0.3857375832376384+0j),0.3857375832376384j,-0.9226085393480737j,(-0.9226085393480737+0j)
(-0.5317337911039373+0j),0.5317337911039373j,-0.8469115511068641j,(-0.8469115511068641+0j)
(-0.14688407761034467+0j),0.14688407761034467j,-0.9891537129003554j,(-0.9891537129003554+0j)
(-0.23283555997115282+0j),0.23283555997115282j,-0.9725161191532611j,(-0.9725161191532611+0j)
(-0.8203474646131844+0j),-0.8203474646131844j,0.5718654013863054j,(-0.5718654013863054+0j)
(-0.3552151246090624+0j),-0.3552151246090624j,0.9347845822696095j,(-0.9347845822696095+0j)
(-0.10522141953825441+0j),0.10522141953825441j,-0.9944488186278643j,(-0.9944488186278643+0j)
(-0.387829529411333+0j),0.387829529411333j,-0.9217311192080825j,(-0.9217311192080825+0j)
(-0.9317830096213234+0j),-0.9317830096213234j,0.36301573379266744j,(-0.36301573379266744+0j)
(-0.7713449078398016+0j),-0.7713449078398016j,0.6364173419617102j,(-0.6364173419617102+0j)
(-0.1912283491010897+0j),0.1912283491010897j,-0.9815455763743587j,(-0.9815455763743587+0j)
(-0.7159202926615534+0j),0.7159202926615534j,-0.6981820210771658j,(-0.6981820210771658+0j)
(-0.5001220768853282+0j),-0.5001220768853282j,0.8659549111887442j,(-0.8659549111887442+0j)
(-0.40575009299411635+0j),-0.40575009299411635j,0.9139840600553524j,(-0.9139840600553524+0j)
(-0.9520394961833615+0j),0.9520394961833615j,-0.30597515864352703j,(-0.30597515864352703+0j)
(-0.9946669292824366+0j),-0.9946669292824366j,0.10313922528237371j,(-0.10313922528237371+0j)
(-0.7745386254288245+0j),-0.7745386254288245j,0.632526614237557j,(-0.632526614237557+0j)
(-0.6829841443963257+0j),-0.6829841443963257j,0.7304331992066209j,(-0.7304331992066209+0j)
(-0.989521173916557+0j),0.989521173916557j,-0.1443878331813282j,(-0.1443878331813282+0j)
(-0.94334813242292+0j),-0.94334813242292j,0.3318046127681002j,(-0.3318046127681002+0j)
(-0.4430047940316798+0j),-0.4430047940316798j,0.8965192426629498j,(-0.8965192426629498+0j)
(-0.29275614177808323+0j),-0.29275614177808323j,0.9561871372546332j,(-0.9561871372546332+0j)
(-0.18383608296641699+0j),0.18383608296641699j,-0.9829569139080131j,(-0.9829569139080131+0j)
(-0.26916966523767555+0j),0.26916966523767555j,-0.9630927739921207j,(-0.9630927739921207+0j)
(-0.41812192664675335+0j),0.41812192664675335j,-0.9083909150014694j,(-0.9083909150014694+0j)
(-0.470891778848086+0j),0.470891778848086j,-0.8821909842053962j,(-0.8821909842053962+0j)
(-0.21855854602225827+0j),0.21855854602225827j,-0.9758238375652833j,(-0.9758238375652833+0j)
(-0.3205389707153508+0j),0.3205389707153508j,-0.9472353288664562j,(-0.9472353288664562+0j)
(-0.6565223593599466+0j),0.6565223593599466j,-0.7543065634478129j,(-0.7543065634478129+0j)
(-0.8365508649552803+0j),0.8365508649552803j,-0.5478892683221422j,(-0.5478892683221422+0j)
(-0.35823013315092544+0j),0.35823013315092544j,-0.9336333175838737j,(-0.9336333175838737+0j)
(-0.39092223517969976+0j),0.39092223517969976j,-0.9204237100608109j,(-0.9204237100608109+0j)
(-0.4697092649276926+0j),0.4697092649276926j,-0.8828211633400542j,(-0.8828211633400542+0j)
(-0.5086418322656067+0j),0.5086418322656067j,-0.8609782148634694j,(-0.8609782148634694+0j)
(-0.3707648205826791+0j),0.3707648205826791j,-0.9287267885757867j,(-0.9287267885757867+0j)
(-0.4142290259924644+0j),0.4142290259924644j,-0.9101726836295048j,(-0.9101726836295048+0j)
(-0.7507428587575217+0j),0.7507428587575217j,-0.6605945504048487j,(-0.6605945504048487+0j)
(-0.8845258483403272+0j),-0.8845258483403272j,0.4664911827867967j,(-0.4664911827867967+0j)
(-0.3445428168505534+0j),0.3445428168505534j,-0.938770604224848j,(-0.938770604224848+0j)
(-0.47034053996390957+0j),0.47034053996390957j,-0.8824850007033876j,(-0.8824850007033876+0j)
(-0.6988136525714762+0j),0.6988136525714762j,-0.7153037669268296j,(-0.7153037669268296+0j)
(-0.7749128273143245+0j),0.7749128273143245j,-0.6320681213791121j,(-0.6320681213791121+0j)
(-0.3946976541718203+0j),0.3946976541718203j,-0.9188110588098417j,(-0.9188110588098417+0j)
(-0.5492272818753482+0j),0.5492272818753482j,-0.8356730178986378j,(-0.8356730178986378+0j)
(-0.9666464378734173+0j),0.9666464378734173j,-0.25611455278182393j,(-0.25611455278182393+0j)
(-0.9883083330451627+0j),-0.9883083330451627j,0.152468484722226j,(-0.152468484722226+0j)
(-0.6075648926334661+0j),0.6075648926334661j,-0.794270043020184j,(-0.794270043020184+0j)
(-0.6577794496106112+0j),0.6577794496106112j,-0.7532105918466371j,(-0.7532105918466371+0j)
(-0.7732751281126319+0j),0.7732751281126319j,-0.6340706397889693j,(-0.6340706397889693+0j)
(-0.8250927850420843+0j),0.8250927850420843j,-0.5649972531539397j,(-0.5649972531539397+0j)
(-0.626896177572471+0j),0.626896177572471j,-0.7791028061462911j,(-0.7791028061462911+0j)
(-0.6929985177597144+0j),0.6929985177597144j,-0.7209390087814911j,(-0.7209390087814911+0j)
(-0.9991417166362564+0j),0.9991417166362564j,-0.04142257931557345j,(-0.04142257931557345+0j)
(-0.5984260235249494+0j),-0.5984260235249494j,0.8011780665795317j,(-0.8011780665795317+0j)
(-0.27146329228242366+0j),0.27146329228242366j,-0.9624487939330527j,(-0.9624487939330527+0j)
(-0.3143795457692863+0j),0.3143795457692863j,-0.9492973723770111j,(-0.9492973723770111+0j)
(-0.45513701480334473+0j),0.45513701480334473j,-0.8904214158228115j,(-0.8904214158228115+0j)
(-0.5520387350132019+0j),0.5520387350132019j,-0.8338184664811783j,(-0.8338184664811783+0j)
(-0.28708262758833925+0j),0.28708262758833925j,-0.9579058225822489j,(-0.9579058225822489+0j)
(-0.34977899676865903+0j),0.34977899676865903j,-0.9368322440114403j,(-0.9368322440114403+0j)
(-0.8414899045966391+0j),-0.8414899045966391j,0.5402728389082125j,(-0.5402728389082125+0j)
(-0.18082618806293702+0j),-0.18082618806293702j,0.983515068369889j,(-0.983515068369889+0j)
(-0.3829048996334011+0j),0.3829048996334011j,-0.9237877666632826j,(-0.9237877666632826+0j)
(-0.4186375365850699+0j),0.4186375365850699j,-0.9081534082752675j,(-0.9081534082752675+0j)
(-0.5493719277244846+0j),0.5493719277244846j,-0.8355779347423457j,(-0.8355779347423457+0j)
(-0.653313112600354+0j),0.653313112600354j,-0.7570878264141073j,(-0.7570878264141073+0j)
(-0.395712055482875+0j),0.395712055482875j,-0.9183746344197002j,(-0.9183746344197002+0j)
(-0.4494601068134928+0j),0.4494601068134928j,-0.8933004043339531j,(-0.8933004043339531+0j)
(-0.3735539330705945+0j),-0.3735539330705945j,0.9276084621689745j,(-0.9276084621689745+0j)
(-0.0772237192456163+0j),0.0772237192456163j,-0.9970137898674594j,(-0.9970137898674594+0j)
(-0.37001454381541843+0j),0.37001454381541843j,-0.9290259616205931j,(-0.9290259616205931+0j)
(-0.5507922111214958+0j),0.5507922111214958j,-0.8346424025700432j,(-0.8346424025700432+0j)
(-0.5913100623043768+0j),-0.5913100623043768j,0.8064443007533715j,(-0.8064443007533715+0j)
(-0.30407069371111867+0j),-0.30407069371111867j,0.952649470280669j,(-0.952649470280669+0j)
(-0.4232909119008143+0j),0.4232909119008143j,-0.9059938211169971j,(-0.9059938211169971+0j)
(-0.8029023862713918+0j),0.8029023862713918j,-0.5961105250871727j,(-0.5961105250871727+0j)
(-0.03126235458332718+0j),-0.03126235458332718j,0.9995112131366544j,(-0.9995112131366544+0j)
(-0.041042184171659814+0j),0.041042184171659814j,-0.9991574145841183j,(-0.9991574145841183+0j)
(-0.9986323713797974+0j),0.9986323713797974j,-0.05228180211471946j,(-0.05228180211471946+0j)
(-0.8339755680738516+0j),-0.8339755680738516j,0.5518013699293401j,(-0.5518013699293401+0j)
(-0.3082992146928385+0j),-0.3082992146928385j,0.9512894376685676j,(-0.9512894376685676+0j)
(-0.19948249045997152+0j),-0.19948249045997152j,0.9799013909572164j,(-0.9799013909572164+0j)
(-0.9792577217089456+0j),-0.9792577217089456j,0.20261864295618306j,(-0.20261864295618306+0j)
(-0.622808350824792+0j),-0.622808350824792j,0.7823744360233807j,(-0.7823744360233807+0j)
(-0.013323422749867963+0j),0.013323422749867963j,-0.9999112392638801j,(-0.9999112392638801+0j)
(-0.12009330682584067+0j),0.12009330682584067j,-0.9927626089129438j,(-0.9927626089129438+0j)
(-0.1412869990659097+0j),-0.1412869990659097j,0.989968678239342j,(-0.989968678239342+0j)
(-0.020099903469210145+0j),0.020099903469210145j,-0.9997979765335236j,(-0.9997979765335236+0j)
(-0.5277304551486002+0j),0.5277304551486002j,-0.849411894612179j,(-0.849411894612179+0j)
(-0.7491525348384015+0j),0.7491525348384015j,-0.6623975238066623j,(-0.6623975238066623+0j)
(-0.08399269896916758+0j),-0.08399269896916758j,0.9964663699894116j,(-0.9964663699894116+0j)
(-0.15837444926634753+0j),0.15837444926634753j,-0.9873791236498679j,(-0.9873791236498679+0j)
(-0.9858559076913226+0j),-0.9858559076913226j,0.16759513498344358j,(-0.16759513498344358+0j)
(-0.856768589190287+0j),-0.856768589190287j,0.515701061252433j,(-0.515701061252433+0j)
(-0.2851849149595592+0j),0.2851849149595592j,-0.9584725161836979j,(-0.9584725161836979+0j)
(-0.412618751237802+0j),0.412618751237802j,-0.9109038182634637j,(-0.9109038182634637+0j)
(-0.7445764421971196+0j),0.7445764421971196j,-0.6675372062477712j,(-0.6675372062477712+0j)
(-0.8761288554822375+0j),0.8761288554822375j,-0.4820769944639392j,(-0.4820769944639392+0j)
(-0.33227361799519045+0j),0.33227361799519045j,-0.9431830377950965j,(-0.9431830377950965+0j)
(-0.5109554088528226+0j),0.5109554088528226j,-0.8596072185388189j,(-0.8596072185388189+0j)
(-0.9206882087765041+0j),-0.9206882087765041j,0.3902988883149845j,(-0.3902988883149845+0j)
(-0.6319144906970006+0j),-0.6319144906970006j,0.7750381128997146j,(-0.7750381128997146+0j)
(-0.23653230300797037+0j),0.23653230300797037j,-0.9716236255020488j,(-0.9716236255020488+0j)
(-0.7470229986973479+0j),0.7470229986973479j,-0.664798194505086j,(-0.664798194505086+0j)
(-0.9592293024785286+0j),-0.9592293024785286j,0.2826289887229471j,(-0.2826289887229471+0j)
(-0.9023722521275476+0j),-0.9023722521275476j,0.43095744405945435j,(-0.43095744405945435+0j)
(-0.4282188273666231+0j),0.4282188273666231j,-0.9036750720744455j,(-0.9036750720744455+0j)
(-0.9617321403038572+0j),0.9617321403038572j,-0.27399140553411877j,(-0.27399140553411877+0j)
(-0.7599333348181139+0j),-0.7599333348181139j,0.6500010204855223j,(-0.6500010204855223+0j)
(-0.6825712189356254+0j),-0.6825712189356254j,0.730819082318418j,(-0.730819082318418+0j)
(-0.9999815198655126+0j),0.9999815198655126j,-0.0060794676954224695j,(-0.0060794676954224695+0j)
(-0.9851936423138606+0j),-0.9851936423138606j,0.17144528907015572j,(-0.17144528907015572+0j)
(-0.903609104343773+0j),-0.903609104343773j,0.42835801211958774j,(-0.42835801211958774+0j)
(-0.8650920376886755+0j),-0.8650920376886755j,0.5016131640294695j,(-0.5016131640294695+0j)
(-0.9976704896659048+0j),-0.9976704896659048j,0.0682172562464501j,(-0.0682172562464501+0j)
(-0.9632905445786382+0j),-0.9632905445786382j,0.2684610339050917j,(-0.2684610339050917+0j)
(-0.7155451111869163+0j),-0.7155451111869163j,0.6985665278672488j,(-0.6985665278672488+0j)
(-0.5583555879263029+0j),-0.5583555879263029j,0.8296017342264135j,(-0.8296017342264135+0j)
(-0.025506780972022993+0j),0.025506780972022993j,-0.9996746491356303j,(-0.9996746491356303+0j)
(-0.13977455260608698+0j),0.13977455260608698j,-0.990183353952069j,(-0.990183353952069+0j)
(-0.6860499675285522+0j),0.6860499675285522j,-0.7275544254927412j,(-0.7275544254927412+0j)
(-0.9656472492806072+0j),0.9656472492806072j,-0.2598564795359109j,(-0.2598564795359109+0j)
(-0.06413258511969491+0j),0.06413258511969491j,-0.9979413868188176j,(-0.9979413868188176+0j)
(-0.2547962138502624+0j),0.2547962138502624j,-0.9669947721717898j,(-0.9669947721717898+0j)
(-0.6189417121782947+0j),-0.6189417121782947j,0.7854369210355476j,(-0.7854369210355476+0j)
(-0.4311885754455583+0j),-0.4311885754455583j,0.9022618314021881j,(-0.9022618314021881+0j)
(-0.3800336442721915+0j),0.3800336442721915j,-0.9249726640399691j,(-0.9249726640399691+0j)
(-0.5299563052115542+0j),0.5299563052115542j,-0.848024949259465j,(-0.848024949259465+0j)
(-0.9619395981824936+0j),0.9619395981824936j,-0.2732621624896188j,(-0.2732621624896188+0j)
(-0.9874973030116163+0j),-0.9874973030116163j,0.15763589865504754j,(-0.15763589865504754+0j)
(-0.4324359873893872+0j),0.4324359873893872j,-0.9016646365531731j,(-0.9016646365531731+0j)
(-0.6623786589608344+0j),0.6623786589608344j,-0.7491692146326133j,(-0.7491692146326133+0j)
(-0.49915168999089987+0j),-0.49915168999089987j,0.8665146221381546j,(-0.8665146221381546+0j)
(-0.26892726552834056+0j),-0.26892726552834056j,0.9631604881095619j,(-0.9631604881095619+0j)
(-0.32938945388077684+0j),0.32938945388077684j,-0.9441941472346266j,(-0.9441941472346266+0j)
(-0.9639417973782983+0j),0.9639417973782983j,-0.26611315500571536j,(-0.26611315500571536+0j)
(-0.5566329736379322+0j),-0.5566329736379322j,0.830758528490074j,(-0.830758528490074+0j)
(-0.47735888130281545+0j),-0.47735888130281545j,0.8787084262947095j,(-0.8787084262947095+0j)
(-0.5500732509661251+0j),0.5500732509661251j,-0.8351164101917519j,(-0.8351164101917519+0j)
(-0.8814141374961121+0j),-0.8814141374961121j,0.4723442793365715j,(-0.4723442793365715+0j)
(-0.3533116808803083+0j),-0.3533116808803083j,0.9355056686912867j,(-0.9355056686912867+0j)
(-0.30082151842307764+0j),-0.30082151842307764j,0.9536804569947075j,(-0.9536804569947075+0j)
(-0.7175337005317065+0j),-0.7175337005317065j,0.6965237889701078j,(-0.6965237889701078+0j)
(-0.6168264555892946+0j),-0.6168264555892946j,0.7870991828766868j,(-0.7870991828766868+0j)
(-0.4787568008928089+0j),-0.4787568008928089j,0.8779475642650212j,(-0.8779475642650212+0j)
(-0.43896606673626576+0j),-0.43896606673626576j,0.8985036406459866j,(-0.8985036406459866+0j)
(-0.6745288208834876+0j),-0.6745288208834876j,0.7382485149308001j,(-0.7382485149308001+0j)
(-0.5642278674648543+0j),-0.5642278674648543j,0.8256191092604767j,(-0.8256191092604767+0j)
(-0.3225090577988783+0j),-0.3225090577988783j,0.9465663778297219j,(-0.9465663778297219+0j)
(-0.22464789344586655+0j),-0.22464789344586655j,0.9744400053211767j,(-0.9744400053211767+0j)
(-0.5301114904427849+0j),0.5301114904427849j,-0.8479279495927288j,(-0.8479279495927288+0j)
(-0.755735072868787+0j),0.755735072868787j,-0.654877469177257j,(-0.654877469177257+0j)
(-0.9863712718553092+0j),0.9863712718553092j,-0.16453484147298392j,(-0.16453484147298392+0j)
(-0.9999989199515441+0j),0.9999989199515441j,-0.0014697264185221002j,(-0.0014697264185221002+0j)
(-0.624094663975804+0j),0.624094663975804j,-0.7813487380145492j,(-0.7813487380145492+0j)
(-0.8683631783063984+0j),0.8683631783063984j,-0.4959288160226328j,(-0.4959288160226328+0j)
(-0.9197159617612417+0j),-0.9197159617612417j,0.39258444910820683j,(-0.39258444910820683+0j)
(-0.8023411730415669+0j),-0.8023411730415669j,0.5968656817427875j,(-0.5968656817427875+0j)
(-0.9298520788949212+0j),0.9298520788949212j,-0.3679335692415054j,(-0.3679335692415054+0j)
(-0.9667910612072206+0j),0.9667910612072206j,-0.25556808089003696j,(-0.25556808089003696+0j)
(-0.9999880831486545+0j),0.9999880831486545j,-0.004881962789668826j,(-0.004881962789668826+0j)
(-0.9948800536399697+0j),-0.9948800536399697j,0.10106274718871983j,(-0.10106274718871983+0j)
(-0.9458143804929664+0j),0.9458143804929664j,-0.3247078034983243j,(-0.3247078034983243+0j)
(-0.9841503716059478+0j),0.9841503716059478j,-0.17733596947002916j,(-0.17733596947002916+0j)
(-0.8586932683410387+0j),-0.8586932683410387j,0.5124898739543884j,(-0.5124898739543884+0j)
(-0.529958597470395+0j),-0.529958597470395j,0.8480235167536404j,(-0.8480235167536404+0j)
(-0.9098382696629174+0j),0.9098382696629174j,-0.41496303818146074j,(-0.41496303818146074+0j)
(-0.9999953216035095+0j),0.9999953216035095j,-0.0030588839621715925j,(-0.0030588839621715925+0j)
(-0.8925378903816973+0j),-0.8925378903816973j,0.4509724096139248j,(-0.4509724096139248+0j)
(-0.8428969283785558+0j),-0.8428969283785558j,0.5380750580820448j,(-0.5380750580820448+0j)
(-0.970091807645796+0j),0.970091807645796j,-0.2427383050499285j,(-0.2427383050499285+0j)
(-0.9803079581294041+0j),-0.9803079581294041j,0.19747482682144213j,(-0.19747482682144213+0j)
(-0.7035175700537416+0j),-0.7035175700537416j,0.7106778655802353j,(-0.7106778655802353+0j)
(-0.6057032803901212+0j),-0.6057032803901212j,0.795690603265268j,(-0.795690603265268+0j)
(-0.9497209095979396+0j),-0.9497209095979396j,0.3130977385297794j,(-0.3130977385297794+0j)
(-0.9189190789917009+0j),-0.9189190789917009j,0.3944461005828859j,(-0.3944461005828859+0j)
(-0.8439679335944343+0j),-0.8439679335944343j,0.5363936307082148j,(-0.5363936307082148+0j)
(-0.8099422969888769+0j),-0.8099422969888769j,0.5865095698693946j,(-0.5865095698693946+0j)
(-0.9381640419349291+0j),-0.9381640419349291j,0.34619103168672155j,(-0.34619103168672155+0j)
(-0.8963081057918368+0j),-0.8963081057918368j,0.4434318205675476j,(-0.4434318205675476+0j)
(-0.6498343860645126+0j),-0.6498343860645126j,0.7600758321958133j,(-0.7600758321958133+0j)
(-0.4011426317674013+0j),-0.4011426317674013j,0.9160156052048039j,(-0.9160156052048039+0j)
(-0.7613330932957979+0j),0.7613330932957979j,-0.6483609496666589j,(-0.6483609496666589+0j)
(-0.8564678592448813+0j),0.8564678592448813j,-0.5162003545915966j,(-0.5162003545915966+0j)
(-0.9988522958629568+0j),0.9988522958629568j,-0.04789667054504279j,(-0.04789667054504279+0j)
(-0.979045347324326+0j),-0.979045347324326j,0.20364235287039384j,(-0.20364235287039384+0j)
(-0.7982094658843645+0j),0.7982094658843645j,-0.6023799868626095j,(-0.6023799868626095+0j)
(-0.9178123412031074+0j),0.9178123412031074j,-0.3970144913416524j,(-0.3970144913416524+0j)
(-0.5089036435753034+0j),-0.5089036435753034j,0.8608234903601207j,(-0.8608234903601207+0j)
(-0.1268506371420103+0j),-0.1268506371420103j,0.9919218295090931j,(-0.9919218295090931+0j)
(-0.9591313605153988+0j),0.9591313605153988j,-0.2829611868717691j,(-0.2829611868717691+0j)
(-0.9866514986830702+0j),0.9866514986830702j,-0.1628460013216522j,(-0.1628460013216522+0j)
(-0.9802436691773415+0j),-0.9802436691773415j,0.19779370323077206j,(-0.19779370323077206+0j)
(-0.9217460612120828+0j),-0.9217460612120828j,0.3877940157351728j,(-0.3877940157351728+0j)
(-0.9709456981112632+0j),0.9709456981112632j,-0.23929991917932578j,(-0.23929991917932578+0j)
(-0.9978771278975035+0j),0.9978771278975035j,-0.06512478498259958j,(-0.06512478498259958+0j)
(-0.2808638121034399+0j),-0.2808638121034399j,0.9597476330008446j,(-0.9597476330008446+0j)
(-0.26561594430363183+0j),0.26561594430363183j,-0.9640789231861103j,(-0.9640789231861103+0j)
(-0.9449225058318227+0j),0.9449225058318227j,-0.3272941459490362j,(-0.3272941459490362+0j)
(-0.9796085271619904+0j),-0.9796085271619904j,0.20091573734159343j,(-0.20091573734159343+0j)
(-0.39784908777508143+0j),-0.39784908777508143j,0.9174508724485119j,(-0.9174508724485119+0j)
(-0.2331261410361688+0j),-0.2331261410361688j,0.9724465036008841j,(-0.9724465036008841+0j)
(-0.9890355611000529+0j),0.9890355611000529j,-0.14767755035720065j,(-0.14767755035720065+0j)
(-0.8245612845393082+0j),-0.8245612845393082j,0.5657726469518354j,(-0.5657726469518354+0j)
(-0.062271704395058254+0j),0.062271704395058254j,-0.9980592341297859j,(-0.9980592341297859+0j)
(-0.1902172448462026+0j),0.1902172448462026j,-0.9817420230198562j,(-0.9817420230198562+0j)
(-0.6523747708621138+0j),-0.6523747708621138j,0.7578965353810535j,(-0.7578965353810535+0j)
(-0.5054041800529491+0j),-0.5054041800529491j,0.8628827352456454j,(-0.8628827352456454+0j)
(-0.23623938776770248+0j),-0.23623938776770248j,0.971694886097041j,(-0.971694886097041+0j)
(-0.14517775943803135+0j),-0.14517775943803135j,0.9894055883026703j,(-0.9894055883026703+0j)
(-0.5943418008662686+0j),-0.5943418008662686j,0.8042125488594672j,(-0.8042125488594672+0j)
(-0.41227482188647224+0j),-0.41227482188647224j,0.9110595322142663j,(-0.9110595322142663+0j)
(-0.1377326421826464+0j),0.1377326421826464j,-0.9904694438887993j,(-0.9904694438887993+0j)
(-0.36512213803265164+0j),0.36512213803265164j,-0.9309596255039556j,(-0.9309596255039556+0j)
