(-0.9433297224039381+0j),0.9433297224039381j,-0.3318569493461138j,(-0.3318569493461138+0j)
(-0.9433453697682832+0j),0.9433453697682832j,-0.33181246712072354j,(-0.33181246712072354+0j)
(-0.9433576691607134+0j),0.9433576691607134j,-0.3317774977837803j,(-0.3317774977837803+0j)
(-0.9433604613496033+0j),0.9433604613496033j,-0.3317695585225742j,(-0.3317695585225742+0j)
(-0.9432232107670742+0j),0.9432232107670742j,-0.3321595620635536j,(-0.3321595620635536+0j)
(-0.9432191017639162+0j),0.9432191017639162j,-0.3321712300420844j,(-0.3321712300420844+0j)
(-0.9431589911439391+0j),0.9431589911439391j,-0.33234186829881507j,(-0.33234186829881507+0j)
(-0.9431719079414596+0j),0.9431719079414596j,-0.33230520921295686j,(-0.33230520921295686+0j)
(-0.9434856576502064+0j),0.9434856576502064j,-0.331413357920826j,(-0.331413357920826+0j)
(-0.9434873096265766+0j),0.9434873096265766j,-0.33140865494673555j,(-0.33140865494673555+0j)
(-0.9434718214822737+0j),0.9434718214822737j,-0.33145274485048515j,(-0.33145274485048515+0j)
(-0.943476956227475+0j),0.943476956227475j,-0.3314381285666141j,(-0.3314381285666141+0j)
(-0.9434803406576364+0j),0.9434803406576364j,-0.3314284942375212j,(-0.3314284942375212+0j)
(-0.9434805344002363+0j),0.9434805344002363j,-0.33142794270828246j,(-0.33142794270828246+0j)
(-0.9434725632941262+0j),0.9434725632941262j,-0.3314506332943276j,(-0.3314506332943276+0j)
(-0.9434743957709859+0j),0.9434743957709859j,-0.3314454171120383j,(-0.3314454171120383+0j)
(-0.9424348682327311+0j),0.9424348682327311j,-0.33438977128368474j,(-0.33438977128368474+0j)
(-0.9424325177251293+0j),0.9424325177251293j,-0.3343963958153169j,(-0.3343963958153169+0j)
(-0.9423589466902936+0j),0.9423589466902936j,-0.33460366942512837j,(-0.33460366942512837+0j)
(-0.942377904313448+0j),0.942377904313448j,-0.33455027344450655j,(-0.33455027344450655+0j)
(-0.9424754849273127+0j),0.9424754849273127j,-0.33427527624852393j,(-0.33427527624852393+0j)
(-0.9424795317433076+0j),0.9424795317433076j,-0.3342638661969249j,(-0.3342638661969249+0j)
(-0.9424633629921448+0j),0.9424633629921448j,-0.3343094515827167j,(-0.3343094515827167+0j)
(-0.9424683993711702+0j),0.9424683993711702j,-0.3342952530125796j,(-0.3342952530125796+0j)
(-0.9421050570220071+0j),0.9421050570220071j,-0.3353178514984861j,(-0.3353178514984861+0j)
(-0.9421194418668806+0j),0.9421194418668806j,-0.3352774332645096j,(-0.3352774332645096+0j)
(-0.9421264526844809+0j),0.9421264526844809j,-0.3352577324270934j,(-0.3352577324270934+0j)
(-0.9421309120440886+0j),0.9421309120440886j,-0.3352452006680691j,(-0.3352452006680691+0j)
(-0.942032934345408+0j),0.942032934345408j,-0.3355204175733277j,(-0.3355204175733277+0j)
(-0.9420310030975114+0j),0.9420310030975114j,-0.33552583984411183j,(-0.33552583984411183+0j)
(-0.9419992008555393+0j),0.9419992008555393j,-0.33561511525484883j,(-0.33561511525484883+0j)
(-0.9420056788966612+0j),0.9420056788966612j,-0.3355969322363369j,(-0.3355969322363369+0j)
(-0.9445301118635075+0j),0.9445301118635075j,-0.32842482820747587j,(-0.32842482820747587+0j)
(-0.9445305165869529+0j),0.9445305165869529j,-0.3284236642448045j,(-0.3284236642448045+0j)
(-0.9445149622267304+0j),0.9445149622267304j,-0.3284683944154115j,(-0.3284683944154115+0j)
(-0.9445194455122742+0j),0.9445194455122742j,-0.3284555023883547j,(-0.3284555023883547+0j)
(-0.9445318628552244+0j),0.9445318628552244j,-0.32841979241702196j,(-0.32841979241702196+0j)
(-0.9445323620890196+0j),0.9445323620890196j,-0.3284183566223687j,(-0.3284183566223687+0j)
(-0.944525996645365+0j),0.944525996645365j,-0.3284366630890651j,(-0.3284366630890651+0j)
(-0.9445276236344344+0j),0.9445276236344344j,-0.3284319841176988j,(-0.3284319841176988+0j)
(-0.94444420226532+0j),0.94444420226532j,-0.32867179496790316j,(-0.32867179496790316+0j)
(-0.944449437654425+0j),0.944449437654425j,-0.3286567505989194j,(-0.3286567505989194+0j)
(-0.9444518179061129+0j),0.9444518179061129j,-0.32864991047288994j,(-0.32864991047288994+0j)
(-0.9444534268607933+0j),0.9444534268607933j,-0.32864528673161364j,(-0.32864528673161364+0j)
(-0.944416086265624+0j),0.944416086265624j,-0.32875257565944904j,(-0.32875257565944904+0j)
(-0.9444152815446182+0j),0.9444152815446182j,-0.3287548873933279j,(-0.3287548873933279+0j)
(-0.9444018695880939+0j),0.9444018695880939j,-0.3287934134354169j,(-0.3287934134354169+0j)
(-0.944404648453391+0j),0.944404648453391j,-0.32878543151974854j,(-0.32878543151974854+0j)
(-0.9445552831055961+0j),0.9445552831055961j,-0.32835242827990085j,(-0.32835242827990085+0j)
(-0.9445558328941254+0j),0.9445558328941254j,-0.3283508467260062j,(-0.3283508467260062+0j)
(-0.9445501428316646+0j),0.9445501428316646j,-0.3283672146799712j,(-0.3283672146799712+0j)
(-0.944551869820099+0j),0.944551869820099j,-0.328362246945892j,(-0.328362246945892+0j)
(-0.9445532552941185+0j),0.9445532552941185j,-0.3283582615273807j,(-0.3283582615273807+0j)
(-0.9445533679862563+0j),0.9445533679862563j,-0.32835793735772567j,(-0.32835793735772567+0j)
(-0.9445487071013858+0j),0.9445487071013858j,-0.3283713445370963j,(-0.3283713445370963+0j)
(-0.944549841942353+0j),0.944549841942353j,-0.3283680801884925j,(-0.3283680801884925+0j)
(-0.9445342369438278+0j),0.9445342369438278j,-0.3284129644836533j,(-0.3284129644836533+0j)
(-0.9445354528595865+0j),0.9445354528595865j,-0.3284094674203776j,(-0.3284094674203776+0j)
(-0.9445354908232771+0j),0.9445354908232771j,-0.3284093582333351j,(-0.3284093582333351+0j)
(-0.944536027754497+0j),0.944536027754497j,-0.32840781396574j,(-0.32840781396574+0j)
(-0.9445283399467029+0j),0.9445283399467029j,-0.32842992408963845j,(-0.32842992408963845+0j)
(-0.9445281948916614+0j),0.9445281948916614j,-0.3284303412516872j,(-0.3284303412516872+0j)
(-0.9445254741846935+0j),0.9445254741846935j,-0.3284381655900853j,(-0.3284381655900853+0j)
(-0.9445260316818457+0j),0.9445260316818457j,-0.32843656233030044j,(-0.32843656233030044+0j)
(-0.9367631195063693+0j),0.9367631195063693j,-0.349964080917879j,(-0.349964080917879+0j)
(-0.9367620402081122+0j),0.9367620402081122j,-0.3499669699059263j,(-0.3499669699059263+0j)
(-0.9366848907924357+0j),0.9366848907924357j,-0.35017340755854554j,(-0.35017340755854554+0j)
(-0.9367057536476802+0j),0.9367057536476802j,-0.3501175960778486j,(-0.3501175960778486+0j)
(-0.936793038862267+0j),0.936793038862267j,-0.34988398411359084j,(-0.34988398411359084+0j)
(-0.9367964261232685+0j),0.9367964261232685j,-0.34987491479480465j,(-0.34987491479480465+0j)
(-0.9367754763869114+0j),0.9367754763869114j,-0.34993100297069313j,(-0.34993100297069313+0j)
(-0.9367813989599486+0j),0.9367813989599486j,-0.34991514766103204j,(-0.34991514766103204+0j)
(-0.936359574906044+0j),0.936359574906044j,-0.351042371348207j,(-0.351042371348207+0j)
(-0.9363808743345391+0j),0.9363808743345391j,-0.35098555266632286j,(-0.35098555266632286+0j)
(-0.9363916917705659+0j),0.9363916917705659j,-0.3509566918909764j,(-0.3509566918909764+0j)
(-0.9363980025424884+0j),0.9363980025424884j,-0.3509398535852519j,(-0.3509398535852519+0j)
(-0.9362474641083308+0j),0.9362474641083308j,-0.35134126707621494j,(-0.35134126707621494+0j)
(-0.9362443105733029+0j),0.9362443105733029j,-0.3513496704411733j,(-0.3513496704411733+0j)
(-0.9361923167119158+0j),0.9361923167119158j,-0.3514881877525557j,(-0.3514881877525557+0j)
(-0.9362030309581745+0j),0.9362030309581745j,-0.35145964892819154j,(-0.35145964892819154+0j)
(-0.9371196939020876+0j),0.9371196939020876j,-0.34900813643933526j,(-0.34900813643933526+0j)
(-0.9371241610926951+0j),0.9371241610926951j,-0.3489961413773978j,(-0.3489961413773978+0j)
(-0.9371042648910659+0j),0.9371042648910659j,-0.34904956198651077j,(-0.34904956198651077+0j)
(-0.9371113383821662+0j),0.9371113383821662j,-0.349030570975646j,(-0.349030570975646+0j)
(-0.9370947102004805+0j),0.9370947102004805j,-0.34907521268958297j,(-0.34907521268958297+0j)
(-0.9370943930960378+0j),0.9370943930960378j,-0.3490760639573687j,(-0.3490760639573687+0j)
(-0.937066925428173+0j),0.937066925428173j,-0.3491497920214056j,(-0.3491497920214056+0j)
(-0.9370733297408984+0j),0.9370733297408984j,-0.3491326033018194j,(-0.3491326033018194+0j)
(-0.9370538180248142+0j),0.9370538180248142j,-0.3491849683550521j,(-0.3491849683550521+0j)
(-0.9370593136879352+0j),0.9370593136879352j,-0.3491702201372503j,(-0.3491702201372503+0j)
(-0.937057894111479+0j),0.937057894111479j,-0.34917402979511575j,(-0.34917402979511575+0j)
(-0.937060758822577+0j),0.937060758822577j,-0.3491663418413301j,(-0.3491663418413301+0j)
(-0.9370270166626183+0j),0.9370270166626183j,-0.3492568826012646j,(-0.3492568826012646+0j)
(-0.9370263784532649+0j),0.9370263784532649j,-0.3492585948588221j,(-0.3492585948588221+0j)
(-0.9370132671657588+0j),0.9370132671657588j,-0.34929376913330445j,(-0.34929376913330445+0j)
(-0.9370159818461151+0j),0.9370159818461151j,-0.3492864866623974j,(-0.3492864866623974+0j)
(-0.9345461974049282+0j),0.9345461974049282j,-0.3558418256978641j,(-0.3558418256978641+0j)
(-0.9345611177235665+0j),0.9345611177235665j,-0.3558026380442927j,(-0.3558026380442927+0j)
(-0.9345625167212248+0j),0.9345625167212248j,-0.35579896337635747j,(-0.35579896337635747+0j)
(-0.9345681331600485+0j),0.9345681331600485j,-0.3557842105571045j,(-0.3557842105571045+0j)
(-0.9344519935346804+0j),0.9344519935346804j,-0.3560891345984343j,(-0.3560891345984343+0j)
(-0.9344488081999169+0j),0.9344488081999169j,-0.35609749346738584j,(-0.35609749346738584+0j)
(-0.9343936674682232+0j),0.9343936674682232j,-0.3562421566789698j,(-0.3562421566789698+0j)
(-0.9344055415620359+0j),0.9344055415620359j,-0.3562110103550403j,(-0.3562110103550403+0j)
(-0.9346475944350311+0j),0.9346475944350311j,-0.35557541284066535j,(-0.35557541284066535+0j)
(-0.9346525799391225+0j),0.9346525799391225j,-0.3555623079196418j,(-0.3555623079196418+0j)
(-0.9346374331878073+0j),0.9346374331878073j,-0.3556021210343201j,(-0.3556021210343201+0j)
(-0.934643904716019+0j),0.934643904716019j,-0.3555851112985374j,(-0.3555851112985374+0j)
(-0.9346246092087002+0j),0.9346246092087002j,-0.35563582477231465j,(-0.35563582477231465+0j)
(-0.9346243258908511+0j),0.9346243258908511j,-0.35563656934161353j,(-0.35563656934161353+0j)
(-0.9346074277293047+0j),0.9346074277293047j,-0.3556809750790905j,(-0.3556809750790905+0j)
(-0.9346111270232387+0j),0.9346111270232387j,-0.35567125445325426j,(-0.35567125445325426+0j)
(-0.93394115133408+0j),0.93394115133408j,-0.3574268118717082j,(-0.3574268118717082+0j)
(-0.9339404022330872+0j),0.9339404022330872j,-0.3574287692347941j,(-0.3574287692347941+0j)
(-0.9338976894333365+0j),0.9338976894333365j,-0.3575403553042305j,(-0.3575403553042305+0j)
(-0.9339087934640541+0j),0.9339087934640541j,-0.35751135015620805j,(-0.35751135015620805+0j)
(-0.9339608906173895+0j),0.9339608906173895j,-0.35737522969166824j,(-0.35737522969166824+0j)
(-0.9339631579629488+0j),0.9339631579629488j,-0.3573693041768924j,(-0.3573693041768924+0j)
(-0.9339504723786244+0j),0.9339504723786244j,-0.3574024554248954j,(-0.3574024554248954+0j)
(-0.9339541430734679+0j),0.9339541430734679j,-0.35739286315748436j,(-0.35739286315748436+0j)
(-0.9337636048159497+0j),0.9337636048159497j,-0.35789038869620865j,(-0.35789038869620865+0j)
(-0.9337711060069739+0j),0.9337711060069739j,-0.3578708168969813j,(-0.3578708168969813+0j)
(-0.933774269212613+0j),0.933774269212613j,-0.35786256322288124j,(-0.35786256322288124+0j)
(-0.9337767564157842+0j),0.9337767564157842j,-0.3578560732719476j,(-0.3578560732719476+0j)
(-0.9337268045939388+0j),0.9337268045939388j,-0.3579863885440235j,(-0.3579863885440235+0j)
(-0.9337258451556426+0j),0.9337258451556426j,-0.35798889101252995j,(-0.35798889101252995+0j)
(-0.9337098403083052+0j),0.9337098403083052j,-0.3580306329232732j,(-0.3580306329232732+0j)
(-0.9337130879835877+0j),0.9337130879835877j,-0.35802216318009283j,(-0.35802216318009283+0j)
(-0.9531554883103198+0j),0.9531554883103198j,-0.3024807681554583j,(-0.3024807681554583+0j)
(-0.953154132464355+0j),0.953154132464355j,-0.3024850405658484j,(-0.3024850405658484+0j)
(-0.9531385540524476+0j),0.9531385540524476j,-0.3025341249823059j,(-0.3025341249823059+0j)
(-0.9531423321661756+0j),0.9531423321661756j,-0.30252222171738724j,(-0.30252222171738724+0j)
(-0.9531688667446652+0j),0.9531688667446652j,-0.3024386077680742j,(-0.3024386077680742+0j)
(-0.9531697932694515+0j),0.9531697932694515j,-0.302435687706777j,(-0.302435687706777+0j)
(-0.9531702680041878+0j),0.9531702680041878j,-0.3024341915075495j,(-0.3024341915075495+0j)
(-0.9531704283318719+0j),0.9531704283318719j,-0.3024336862084581j,(-0.3024336862084581+0j)
(-0.9530640849508718+0j),0.9530640849508718j,-0.3027686410062271j,(-0.3027686410062271+0j)
(-0.9530683090514666+0j),0.9530683090514666j,-0.3027553439359548j,(-0.3027553439359548+0j)
(-0.9530717702718781+0j),0.9530717702718781j,-0.3027444478612754j,(-0.3027444478612754+0j)
(-0.9530726394237418+0j),0.9530726394237418j,-0.30274171166501385j,(-0.30274171166501385+0j)
(-0.9530413151604004+0j),0.9530413151604004j,-0.302840307088298j,(-0.302840307088298+0j)
(-0.9530406395041978+0j),0.9530406395041978j,-0.30284243337654965j,(-0.30284243337654965+0j)
(-0.9530303875033866+0j),0.9530303875033866j,-0.30287469437895453j,(-0.30287469437895453+0j)
(-0.9530324911940256+0j),0.9530324911940256j,-0.302868074792491j,(-0.302868074792491+0j)
(-0.9532794806243841+0j),0.9532794806243841j,-0.3020897744388326j,(-0.3020897744388326+0j)
(-0.9532803614360974+0j),0.9532803614360974j,-0.302086994920774j,(-0.302086994920774+0j)
(-0.9532817927769766+0j),0.9532817927769766j,-0.3020824780749685j,(-0.3020824780749685+0j)
(-0.9532817407054455+0j),0.9532817407054455j,-0.3020826423970697j,(-0.3020826423970697+0j)
(-0.9532727748022556+0j),0.9532727748022556j,-0.3021109346263529j,(-0.3021109346263529+0j)
(-0.9532724623749578+0j),0.9532724623749578j,-0.3021119204493341j,(-0.3021119204493341+0j)
(-0.9532689626038031+0j),0.9532689626038031j,-0.30212296327202454j,(-0.30212296327202454+0j)
(-0.9532696976270293+0j),0.9532696976270293j,-0.30212064409118505j,(-0.30212064409118505+0j)
(-0.9532897329717277+0j),0.9532897329717277j,-0.3020574200556783j,(-0.3020574200556783+0j)
(-0.9532897063030662+0j),0.9532897063030662j,-0.30205750422165345j,(-0.30205750422165345+0j)
(-0.9532890344638174+0j),0.9532890344638174j,-0.3020596245297323j,(-0.3020596245297323+0j)
(-0.9532892131275801+0j),0.9532892131275801j,-0.30205906067290805j,(-0.30205906067290805+0j)
(-0.9532899967561113+0j),0.9532899967561113j,-0.30205658755394393j,(-0.30205658755394393+0j)
(-0.9532900167667245+0j),0.9532900167667245j,-0.3020565244004805j,(-0.3020565244004805+0j)
(-0.9532899308715621+0j),0.9532899308715621j,-0.3020567954853727j,(-0.3020567954853727+0j)
(-0.9532899551429698+0j),0.9532899551429698j,-0.30205671888490576j,(-0.30205671888490576+0j)
(-0.952487885203715+0j),0.952487885203715j,-0.3045764740424887j,(-0.3045764740424887+0j)
(-0.9524926179906918+0j),0.9524926179906918j,-0.3045616730208154j,(-0.3045616730208154+0j)
(-0.9524951188361336+0j),0.9524951188361336j,-0.30455385171319055j,(-0.30455385171319055+0j)
(-0.9524963227926639+0j),0.9524963227926639j,-0.30455008630183206j,(-0.30455008630183206+0j)
(-0.952457070788732+0j),0.952457070788732j,-0.3046728217359538j,(-0.3046728217359538+0j)
(-0.952455958115211+0j),0.952455958115211j,-0.3046763001134742j,(-0.3046763001134742+0j)
(-0.9524386250822076+0j),0.9524386250822076j,-0.3047304800172015j,(-0.3047304800172015+0j)
(-0.9524423392550723+0j),0.9524423392550723j,-0.30471887108337437j,(-0.30471887108337437+0j)
(-0.952531204824204+0j),0.952531204824204j,-0.30444096937854925j,(-0.30444096937854925+0j)
(-0.9525320860141216+0j),0.9525320860141216j,-0.3044382123084851j,(-0.3044382123084851+0j)
(-0.9525270494814942+0j),0.9525270494814942j,-0.3044539702583612j,(-0.3044539702583612+0j)
(-0.9525288651115387+0j),0.9525288651115387j,-0.30444828974609817j,(-0.30444828974609817+0j)
(-0.9525276504295813+0j),0.9525276504295813j,-0.30445209010138463j,(-0.30445209010138463+0j)
(-0.952527665713477+0j),0.952527665713477j,-0.3044520422832385j,(-0.3044520422832385+0j)
(-0.9525241101006231+0j),0.9525241101006231j,-0.30446316637159326j,(-0.30446316637159326+0j)
(-0.9525249094761234+0j),0.9525249094761234j,-0.3044606654848915j,(-0.3044606654848915+0j)
(-0.9522761340900653+0j),0.9522761340900653j,-0.30523788172912014j,(-0.30523788172912014+0j)
(-0.9522757742857331+0j),0.9522757742857331j,-0.30523900423849465j,(-0.30523900423849465+0j)
(-0.9522608326222134+0j),0.9522608326222134j,-0.30528561488162015j,(-0.30528561488162015+0j)
(-0.952264692366226+0j),0.952264692366226j,-0.3052735751300084j,(-0.3052735751300084+0j)
(-0.9522836974971702+0j),0.9522836974971702j,-0.30521428452993166j,(-0.30521428452993166+0j)
(-0.9522845115850159+0j),0.9522845115850159j,-0.3052117445238437j,(-0.3052117445238437+0j)
(-0.9522805641644289+0j),0.9522805641644289j,-0.30522406051076184j,(-0.30522406051076184+0j)
(-0.9522817398617943+0j),0.9522817398617943j,-0.30522039238195436j,(-0.30522039238195436+0j)
(-0.952212697927612+0j),0.952212697927612j,-0.30543571812317327j,(-0.30543571812317327+0j)
(-0.9522153772119686+0j),0.9522153772119686j,-0.30542736518044433j,(-0.30542736518044433+0j)
(-0.9522165807925516+0j),0.9522165807925516j,-0.30542361281299485j,(-0.30542361281299485+0j)
(-0.9522174464106805+0j),0.9522174464106805j,-0.3054209140696215j,(-0.3054209140696215+0j)
(-0.9521994785433859+0j),0.9521994785433859j,-0.30547692721661374j,(-0.30547692721661374+0j)
(-0.9521991310702262+0j),0.9521991310702262j,-0.3054780103200656j,(-0.3054780103200656+0j)
(-0.952193372052575+0j),0.952193372052575j,-0.3054959610521007j,(-0.3054959610521007+0j)
(-0.9521945414346614+0j),0.9521945414346614j,-0.3054923162078468j,(-0.3054923162078468+0j)
(-0.9539784069674451+0j),0.9539784069674451j,-0.29987530581869487j,(-0.29987530581869487+0j)
(-0.9539790798196018+0j),0.9539790798196018j,-0.2998731652991743j,(-0.2998731652991743+0j)
(-0.9539798915680137+0j),0.9539798915680137j,-0.2998705828918219j,(-0.2998705828918219+0j)
(-0.9539799324646329+0j),0.9539799324646329j,-0.29987045278715707j,(-0.29987045278715707+0j)
(-0.9539736957843102+0j),0.9539736957843102j,-0.2998902928599464j,(-0.2998902928599464+0j)
(-0.9539735027210915+0j),0.9539735027210915j,-0.2998909070079516j,(-0.2998909070079516+0j)
(-0.9539709805811422+0j),0.9539709805811422j,-0.2998989299898455j,(-0.2998989299898455+0j)
(-0.9539715165454626+0j),0.9539715165454626j,-0.29989722509544886j,(-0.29989722509544886+0j)
(-0.9539862882919687+0j),0.9539862882919687j,-0.29985023220086543j,(-0.29985023220086543+0j)
(-0.9539862889625806+0j),0.9539862889625806j,-0.2998502300672853j,(-0.2998502300672853+0j)
(-0.9539856279136298+0j),0.9539856279136298j,-0.29985233321459687j,(-0.29985233321459687+0j)
(-0.9539858162090379+0j),0.9539858162090379j,-0.2998517341486892j,(-0.2998517341486892+0j)
(-0.9539864231097341+0j),0.9539864231097341j,-0.2998498032720643j,(-0.2998498032720643+0j)
(-0.9539864406379435+0j),0.9539864406379435j,-0.2998497475052259j,(-0.2998497475052259+0j)
(-0.9539862856083658+0j),0.9539862856083658j,-0.2998502407388622j,(-0.2998502407388622+0j)
(-0.9539863248727648+0j),0.9539863248727648j,-0.29985011581747956j,(-0.29985011581747956+0j)
(-0.9539353572703805+0j),0.9539353572703805j,-0.3000122233333697j,(-0.3000122233333697+0j)
(-0.9539352059544943+0j),0.9539352059544943j,-0.3000127044652554j,(-0.3000127044652554+0j)
(-0.9539317626530344+0j),0.9539317626530344j,-0.30002365273703857j,(-0.30002365273703857+0j)
(-0.9539326349688982+0j),0.9539326349688982j,-0.30002087917559156j,(-0.30002087917559156+0j)
(-0.9539375360434574+0j),0.9539375360434574j,-0.3000052954988251j,(-0.3000052954988251+0j)
(-0.953937734891088+0j),0.953937734891088j,-0.30000466321519126j,(-0.30000466321519126+0j)
(-0.9539371692537708+0j),0.9539371692537708j,-0.3000064617905802j,(-0.3000064617905802+0j)
(-0.9539373622787326+0j),0.9539373622787326j,-0.3000058480241579j,(-0.3000058480241579+0j)
(-0.9539195838016838+0j),0.9539195838016838j,-0.3000623729154029j,(-0.3000623729154029+0j)
(-0.9539202544662984+0j),0.9539202544662984j,-0.30006024081666105j,(-0.30006024081666105+0j)
(-0.9539206208192509+0j),0.9539206208192509j,-0.30005907614304056j,(-0.30005907614304056+0j)
(-0.9539208173028791+0j),0.9539208173028791j,-0.30005845149938215j,(-0.30005845149938215+0j)
(-0.9539162078149119+0j),0.9539162078149119j,-0.3000731052060776j,(-0.3000731052060776+0j)
(-0.9539161164684248+0j),0.9539161164684248j,-0.30007339559147667j,(-0.30007339559147667+0j)
(-0.9539146377660215+0j),0.9539146377660215j,-0.3000780962611572j,(-0.3000780962611572+0j)
(-0.9539149386528198+0j),0.9539149386528198j,-0.30007713977407074j,(-0.30007713977407074+0j)
(-0.9540243794373696+0j),0.9540243794373696j,-0.29972901667863533j,(-0.29972901667863533+0j)
(-0.9540244062728152+0j),0.9540244062728152j,-0.2997289312625705j,(-0.2997289312625705+0j)
(-0.9540239442333435+0j),0.9540239442333435j,-0.2997304019105409j,(-0.2997304019105409+0j)
(-0.9540240832432128+0j),0.9540240832432128j,-0.2997299594500813j,(-0.2997299594500813+0j)
(-0.9540243377728143+0j),0.9540243377728143j,-0.2997291492950646j,(-0.2997291492950646+0j)
(-0.9540243492763493+0j),0.9540243492763493j,-0.2997291126798308j,(-0.2997291126798308+0j)
(-0.9540241087290129+0j),0.9540241087290129j,-0.29972987833016046j,(-0.29972987833016046+0j)
(-0.9540241678139928+0j),0.9540241678139928j,-0.2997296902657771j,(-0.2997296902657771+0j)
(-0.9540218860400967+0j),0.9540218860400967j,-0.2997369529378998j,(-0.2997369529378998+0j)
(-0.9540220483118813+0j),0.9540220483118813j,-0.2997364364484282j,(-0.2997364364484282+0j)
(-0.9540221095554787+0j),0.9540221095554787j,-0.2997362415179627j,(-0.2997362415179627+0j)
(-0.9540221629524849+0j),0.9540221629524849j,-0.29973607156207005j,(-0.29973607156207005+0j)
(-0.9540210185878063+0j),0.9540210185878063j,-0.29973971390639054j,(-0.29973971390639054+0j)
(-0.9540209940143469+0j),0.9540209940143469j,-0.29973979211956053j,(-0.29973979211956053+0j)
(-0.9540205777750759+0j),0.9540205777750759j,-0.29974111693544886j,(-0.29974111693544886+0j)
(-0.954020664039293+0j),0.954020664039293j,-0.2997408423722512j,(-0.2997408423722512+0j)
(-0.9540244837164864+0j),0.9540244837164864j,-0.2997286847625561j,(-0.2997286847625561+0j)
(-0.9540244980934854+0j),0.9540244980934854j,-0.2997286390011362j,(-0.2997286390011362+0j)
(-0.9540242972040612+0j),0.9540242972040612j,-0.2997292784235422j,(-0.2997292784235422+0j)
(-0.9540243560801598+0j),0.9540243560801598j,-0.299729091023605j,(-0.299729091023605+0j)
(-0.9540244483268847+0j),0.9540244483268847j,-0.2997287974062279j,(-0.2997287974062279+0j)
(-0.954024453804736+0j),0.954024453804736j,-0.2997287799704519j,(-0.2997287799704519+0j)
(-0.9540243118481933+0j),0.9540243118481933j,-0.2997292318119498j,(-0.2997292318119498+0j)
(-0.9540243469791516+0j),0.9540243469791516j,-0.2997291199917073j,(-0.2997291199917073+0j)
(-0.9540237300720912+0j),0.9540237300720912j,-0.29973108357214745j,(-0.29973108357214745+0j)
(-0.9540237702432036+0j),0.9540237702432036j,-0.29973095571018904j,(-0.29973095571018904+0j)
(-0.954023774347225+0j),0.954023774347225j,-0.29973094264736017j,(-0.29973094264736017+0j)
(-0.9540237913074414+0j),0.9540237913074414j,-0.2997308886641078j,(-0.2997308886641078+0j)
(-0.9540235356952389+0j),0.9540235356952389j,-0.2997317022597966j,(-0.2997317022597966+0j)
(-0.9540235308804971+0j),0.9540235308804971j,-0.2997317175847585j,(-0.2997317175847585+0j)
(-0.9540234426066592+0j),0.9540234426066592j,-0.29973199855360594j,(-0.29973199855360594+0j)
(-0.9540234606418626+0j),0.9540234606418626j,-0.29973194114896134j,(-0.29973194114896134+0j)
(-0.8965332772021702+0j),0.8965332772021702j,-0.44297639087104496j,(-0.44297639087104496+0j)
(-0.8965339153285398+0j),0.8965339153285398j,-0.44297509937430873j,(-0.44297509937430873+0j)
(-0.8964554425550499+0j),0.8964554425550499j,-0.4431338844112801j,(-0.4431338844112801+0j)
(-0.8964774158689964+0j),0.8964774158689964j,-0.44308942984102717j,(-0.44308942984102717+0j)
(-0.8965519218950165+0j),0.8965519218950165j,-0.4429386541569301j,(-0.4429386541569301+0j)
(-0.8965549076390491+0j),0.8965549076390491j,-0.44293261066254347j,(-0.44293261066254347+0j)
(-0.8965267723744752+0j),0.8965267723744752j,-0.44298955565092724j,(-0.44298955565092724+0j)
(-0.8965342599853852+0j),0.8965342599853852j,-0.4429744018252723j,(-0.4429744018252723+0j)
(-0.896121722003883+0j),0.896121722003883j,-0.44380835881357156j,(-0.44380835881357156+0j)
(-0.8961450746345766+0j),0.8961450746345766j,-0.4437612029100665j,(-0.4437612029100665+0j)
(-0.8961553900202399+0j),0.8961553900202399j,-0.4437403710929079j,(-0.4437403710929079+0j)
(-0.896162717835984+0j),0.896162717835984j,-0.443725571903201j,(-0.443725571903201+0j)
(-0.8959980936717533+0j),0.8959980936717533j,-0.44405789727982986j,(-0.44405789727982986+0j)
(-0.8959946204908167+0j),0.8959946204908167j,-0.444064905223907j,(-0.444064905223907+0j)
(-0.8959362131949601+0j),0.8959362131949601j,-0.444182734790396j,(-0.444182734790396+0j)
(-0.8959482934664925+0j),0.8959482934664925j,-0.44415836751600185j,(-0.44415836751600185+0j)
(-0.8967761617272699+0j),0.8967761617272699j,-0.4424844808100114j,(-0.4424844808100114+0j)
(-0.89678006076911+0j),0.89678006076911j,-0.4424765785970502j,(-0.4424765785970502+0j)
(-0.8967518109206444+0j),0.8967518109206444j,-0.44253382877532055j,(-0.44253382877532055+0j)
(-0.8967609118207182+0j),0.8967609118207182j,-0.44251538620761494j,(-0.44251538620761494+0j)
(-0.8967578289844695+0j),0.8967578289844695j,-0.4425216335446901j,(-0.4425216335446901+0j)
(-0.8967580494887917+0j),0.8967580494887917j,-0.44252118669851065j,(-0.44252118669851065+0j)
(-0.8967299443514417+0j),0.8967299443514417j,-0.44257813649508293j,(-0.44257813649508293+0j)
(-0.8967366632009508+0j),0.8967366632009508j,-0.4425645228339309j,(-0.4425645228339309+0j)
(-0.8966720082175964+0j),0.8966720082175964j,-0.4426955044712142j,(-0.4426955044712142+0j)
(-0.896678969875661+0j),0.896678969875661j,-0.4426814034751447j,(-0.4426814034751447+0j)
(-0.8966785370893264+0j),0.8966785370893264j,-0.4426822801099516j,(-0.4426822801099516+0j)
(-0.8966817809968203+0j),0.8966817809968203j,-0.44267570932723493j,(-0.44267570932723493+0j)
(-0.896637863316584+0j),0.896637863316584j,-0.4427646576535561j,(-0.4427646576535561+0j)
(-0.896637024464637+0j),0.896637024464637j,-0.44276635639940204j,(-0.44276635639940204+0j)
(-0.8966207926485645+0j),0.8966207926485645j,-0.44279922559808094j,(-0.44279922559808094+0j)
(-0.8966241385318234+0j),0.8966241385318234j,-0.4427924504799799j,(-0.4427924504799799+0j)
(-0.8938716283468633+0j),0.8938716283468633j,-0.44832299967381467j,(-0.44832299967381467+0j)
(-0.893893427323746+0j),0.893893427323746j,-0.4482795339823214j,(-0.4482795339823214+0j)
(-0.8938956000675323+0j),0.8938956000675323j,-0.448275201388507j,(-0.448275201388507+0j)
(-0.8939037519805647+0j),0.8939037519805647j,-0.4482589454713304j,(-0.4482589454713304+0j)
(-0.8937328525289694+0j),0.8937328525289694j,-0.44859958572253655j,(-0.44859958572253655+0j)
(-0.8937281197212932+0j),0.8937281197212932j,-0.44860901464353364j,(-0.44860901464353364+0j)
(-0.8936460918829666+0j),0.8936460918829666j,-0.44877239494235893j,(-0.44877239494235893+0j)
(-0.8936638035389107+0j),0.8936638035389107j,-0.44873712376442315j,(-0.44873712376442315+0j)
(-0.8940191594663027+0j),0.8940191594663027j,-0.4480287295555564j,(-0.4480287295555564+0j)
(-0.8940263027578104+0j),0.8940263027578104j,-0.4480144751871306j,(-0.4480144751871306+0j)
(-0.8940045225916449+0j),0.8940045225916449j,-0.44805793552361683j,(-0.44805793552361683+0j)
(-0.8940138253572422+0j),0.8940138253572422j,-0.4480393733480471j,(-0.4480393733480471+0j)
(-0.8939862186344357+0j),0.8939862186344357j,-0.44809445532354353j,(-0.44809445532354353+0j)
(-0.8939858145574743+0j),0.8939858145574743j,-0.44809526149024287j,(-0.44809526149024287+0j)
(-0.8939615356899476+0j),0.8939615356899476j,-0.44814369649351365j,(-0.44814369649351365+0j)
(-0.8939668543474161+0j),0.8939668543474161j,-0.44813308662515183j,(-0.44813308662515183+0j)
(-0.8929448798636704+0j),0.8929448798636704j,-0.4501660155156708j,(-0.4501660155156708+0j)
(-0.8929436543031262+0j),0.8929436543031262j,-0.4501684465172778j,(-0.4501684465172778+0j)
(-0.892875310781313+0j),0.892875310781313j,-0.45030398554440293j,(-0.45030398554440293+0j)
(-0.8928931055186448+0j),0.8928931055186448j,-0.4502686999084775j,(-0.4502686999084775+0j)
(-0.8929765347365665+0j),0.8929765347365665j,-0.4501032197284018j,(-0.4501032197284018+0j)
(-0.8929801486120873+0j),0.8929801486120873j,-0.45009604995460106j,(-0.45009604995460106+0j)
(-0.8929601013812013+0j),0.8929601013812013j,-0.4501358209932583j,(-0.4501358209932583+0j)
(-0.892965915346944+0j),0.892965915346944j,-0.45012428731250936j,(-0.45012428731250936+0j)
(-0.8926579397106204+0j),0.8926579397106204j,-0.4507347364821027j,(-0.4507347364821027+0j)
(-0.8926701922251513+0j),0.8926701922251513j,-0.45071047016095755j,(-0.45071047016095755+0j)
(-0.8926753826836736+0j),0.8926753826836736j,-0.4507001898718893j,(-0.4507001898718893+0j)
(-0.8926794328220479+0j),0.8926794328220479j,-0.4506921679112109j,(-0.4506921679112109+0j)
(-0.8925976373483345+0j),0.8925976373483345j,-0.45085414248975375j,(-0.45085414248975375+0j)
(-0.8925960604362516+0j),0.8925960604362516j,-0.45085726443485846j,(-0.45085726443485846+0j)
(-0.8925697421329221+0j),0.8925697421329221j,-0.45090936498233114j,(-0.45090936498233114+0j)
(-0.8925750870687411+0j),0.8925750870687411j,-0.45089878458943483j,(-0.45089878458943483+0j)
(-0.8989871034117048+0j),0.8989871034117048j,-0.4379750996340234j,(-0.4379750996340234+0j)
(-0.8989920319873299+0j),0.8989920319873299j,-0.4379649831017221j,(-0.4379649831017221+0j)
(-0.8989684143669374+0j),0.8989684143669374j,-0.438013458663766j,(-0.438013458663766+0j)
(-0.8989768733357233+0j),0.8989768733357233j,-0.43799609725147887j,(-0.43799609725147887+0j)
(-0.8989613723338453+0j),0.8989613723338453j,-0.43802791127010354j,(-0.43802791127010354+0j)
(-0.8989611647780347+0j),0.8989611647780347j,-0.43802833723506895j,(-0.43802833723506895+0j)
(-0.898932969513836+0j),0.898932969513836j,-0.43808619736421384j,(-0.43808619736421384+0j)
(-0.898939536885048+0j),0.898939536885048j,-0.43807272116042084j,(-0.43807272116042084+0j)
(-0.8988928956544975+0j),0.8988928956544975j,-0.43816841755410985j,(-0.43816841755410985+0j)
(-0.8989011907925973+0j),0.8989011907925973j,-0.43815139985129675j,(-0.43815139985129675+0j)
(-0.8989000887103402+0j),0.8989000887103402j,-0.4381536608503264j,(-0.4381536608503264+0j)
(-0.8989040581220847+0j),0.8989040581220847j,-0.43814551725613715j,(-0.43814551725613715+0j)
(-0.8988503369343823+0j),0.8988503369343823j,-0.4382557150716322j,(-0.4382557150716322+0j)
(-0.8988492503581894+0j),0.8988492503581894j,-0.43825794360230497j,(-0.43825794360230497+0j)
(-0.8988277513337226+0j),0.8988277513337226j,-0.4383020344834869j,(-0.4383020344834869+0j)
(-0.8988322412439477+0j),0.8988322412439477j,-0.4382928268867541j,(-0.4382928268867541+0j)
(-0.8987888331642997+0j),0.8987888331642997j,-0.43838183513822376j,(-0.43838183513822376+0j)
(-0.8987894300726276+0j),0.8987894300726276j,-0.4383806113296089j,(-0.4383806113296089+0j)
(-0.8987547311729194+0j),0.8987547311729194j,-0.43845174557104205j,(-0.43845174557104205+0j)
(-0.8987643300624741+0j),0.8987643300624741j,-0.43843206886284264j,(-0.43843206886284264+0j)
(-0.8987958816720073+0j),0.8987958816720073j,-0.4383673836970987j,(-0.4383673836970987+0j)
(-0.8987973054657853+0j),0.8987973054657853j,-0.43836446444419264j,(-0.43836446444419264+0j)
(-0.8987819938572039+0j),0.8987819938572039j,-0.4383958570950108j,(-0.4383958570950108+0j)
(-0.8987860410906552+0j),0.8987860410906552j,-0.4383875595185009j,(-0.4383875595185009+0j)
(-0.8986399958188377+0j),0.8986399958188377j,-0.43868685632774507j,(-0.43868685632774507+0j)
(-0.8986473979819326+0j),0.8986473979819326j,-0.4386716928413576j,(-0.4386716928413576+0j)
(-0.898649672919986+0j),0.898649672919986j,-0.43866703245263633j,(-0.43866703245263633+0j)
(-0.898652343324348+0j),0.898652343324348j,-0.4386615618419952j,(-0.4386615618419952+0j)
(-0.8986030759288844+0j),0.8986030759288844j,-0.43876247780678285j,(-0.43876247780678285+0j)
(-0.8986021117268272+0j),0.8986021117268272j,-0.43876445252559687j,(-0.43876445252559687+0j)
(-0.8985853881246234+0j),0.8985853881246234j,-0.4387987012844503j,(-0.4387987012844503+0j)
(-0.8985888099773154+0j),0.8985888099773154j,-0.4387916938406567j,(-0.4387916938406567+0j)
(-0.8985051474160161+0j),0.8985051474160161j,-0.438962982570197j,(-0.438962982570197+0j)
(-0.8985111240241257+0j),0.8985111240241257j,-0.43895074895129466j,(-0.43895074895129466+0j)
(-0.8985077500274873+0j),0.8985077500274873j,-0.438957655293244j,(-0.438957655293244+0j)
(-0.8985110916489887+0j),0.8985110916489887j,-0.4389508152216406j,(-0.4389508152216406+0j)
(-0.8984684843971262+0j),0.8984684843971262j,-0.43903801947568416j,(-0.43903801947568416+0j)
(-0.8984673540287559+0j),0.8984673540287559j,-0.43904033270824494j,(-0.43904033270824494+0j)
(-0.8984440481677448+0j),0.8984440481677448j,-0.4390880234212217j,(-0.4390880234212217+0j)
(-0.8984491296622359+0j),0.8984491296622359j,-0.4390776257214332j,(-0.4390776257214332+0j)
(-0.8985231405035949+0j),0.8985231405035949j,-0.43892615094063037j,(-0.43892615094063037+0j)
(-0.8985264336553849+0j),0.8985264336553849j,-0.43891940948485664j,(-0.43891940948485664+0j)
(-0.8985211105741787+0j),0.8985211105741787j,-0.438930306372828j,(-0.438930306372828+0j)
(-0.8985240570977167+0j),0.8985240570977167j,-0.4389242745812304j,(-0.4389242745812304+0j)
(-0.8985069460926861+0j),0.8985069460926861j,-0.43895930087332147j,(-0.43895930087332147+0j)
(-0.8985066291551923+0j),0.8985066291551923j,-0.4389599496129163j,(-0.4389599496129163+0j)
(-0.8984965911451399+0j),0.8984965911451399j,-0.43898049580882686j,(-0.43898049580882686+0j)
(-0.8984987478103225+0j),0.8984987478103225j,-0.438976081561721j,(-0.438976081561721+0j)
(-0.8982725563554421+0j),0.8982725563554421j,-0.43943874942778915j,(-0.43943874942778915+0j)
(-0.8982723902912465+0j),0.8982723902912465j,-0.43943908888542316j,(-0.43943908888542316+0j)
(-0.8982541570308951+0j),0.8982541570308951j,-0.43947635815447017j,(-0.43947635815447017+0j)
(-0.8982589548689925+0j),0.8982589548689925j,-0.4394665516255652j,(-0.4394665516255652+0j)
(-0.8982798802598805+0j),0.8982798802598805j,-0.4394237780551881j,(-0.4394237780551881+0j)
(-0.898280803364325+0j),0.898280803364325j,-0.4394218910194881j,(-0.4394218910194881+0j)
(-0.8982746832602024+0j),0.8982746832602024j,-0.43943440171859943j,(-0.43943440171859943+0j)
(-0.8982764032435084+0j),0.8982764032435084j,-0.4394308857783052j,(-0.4394308857783052+0j)
(-0.8981974243531764+0j),0.8981974243531764j,-0.43959229620788415j,(-0.43959229620788415+0j)
(-0.898200672506363+0j),0.898200672506363j,-0.4395856593533475j,(-0.4395856593533475+0j)
(-0.8982019316196935+0j),0.8982019316196935j,-0.43958308661122475j,(-0.43958308661122475+0j)
(-0.8982030399062882+0j),0.8982030399062882j,-0.4395808220374303j,(-0.4395808220374303+0j)
(-0.8981815094077588+0j),0.8981815094077588j,-0.4396248129462214j,(-0.4396248129462214+0j)
(-0.898181096594185+0j),0.898181096594185j,-0.43962565634965767j,(-0.43962565634965767+0j)
(-0.8981741411476253+0j),0.8981741411476253j,-0.43963986645176495j,(-0.43963986645176495+0j)
(-0.8981755536721937+0j),0.8981755536721937j,-0.43963698068480167j,(-0.43963698068480167+0j)
(-0.8814194082914216+0j),0.8814194082914216j,-0.47233444368074634j,(-0.47233444368074634+0j)
(-0.8814343360508585+0j),0.8814343360508585j,-0.4723065860546327j,(-0.4723065860546327+0j)
(-0.8814304792380794+0j),0.8814304792380794j,-0.4723137836969506j,(-0.4723137836969506+0j)
(-0.8814374731985493+0j),0.8814374731985493j,-0.4723007313580582j,(-0.4723007313580582+0j)
(-0.8813229654715644+0j),0.8813229654715644j,-0.47251437071522806j,(-0.47251437071522806+0j)
(-0.8813197120460113+0j),0.8813197120460113j,-0.47252043887977546j,(-0.47252043887977546+0j)
(-0.881258210264526+0j),0.881258210264526j,-0.472635130773586j,(-0.472635130773586+0j)
(-0.8812716779486319+0j),0.8812716779486319j,-0.4726100185624536j,(-0.4726100185624536+0j)
(-0.8814858469353517+0j),0.8814858469353517j,-0.4722104421258237j,(-0.4722104421258237+0j)
(-0.8814921297234305+0j),0.8814921297234305j,-0.47219871371664185j,(-0.47219871371664185+0j)
(-0.8814793629985265+0j),0.8814793629985265j,-0.4722225456368135j,(-0.4722225456368135+0j)
(-0.8814857530173872+0j),0.8814857530173872j,-0.4722106174445575j,(-0.4722106174445575+0j)
(-0.8814558076626358+0j),0.8814558076626358j,-0.4722665128270379j,(-0.4722665128270379+0j)
(-0.8814552906212803+0j),0.8814552906212803j,-0.4722674778510102j,(-0.4722674778510102+0j)
(-0.8814358367579803+0j),0.8814358367579803j,-0.4723037853741586j,(-0.4723037853741586+0j)
(-0.8814400374408747+0j),0.8814400374408747j,-0.47229594577577033j,(-0.47229594577577033+0j)
(-0.880658392324716+0j),0.880658392324716j,-0.4737518295775193j,(-0.4737518295775193+0j)
(-0.8806571061674155+0j),0.8806571061674155j,-0.4737542204105772j,(-0.4737542204105772+0j)
(-0.8805885141960288+0j),0.8805885141960288j,-0.4738817032404083j,(-0.4738817032404083+0j)
(-0.8806064883836019+0j),0.8806064883836019j,-0.47384830127025007j,(-0.47384830127025007+0j)
(-0.8806900154249878+0j),0.8806900154249878j,-0.47369304061885353j,(-0.47369304061885353+0j)
(-0.8806935637130622+0j),0.8806935637130622j,-0.47368644358308004j,(-0.47368644358308004+0j)
(-0.8806742057045902+0j),0.8806742057045902j,-0.4737224328724463j,(-0.4737224328724463+0j)
(-0.8806798449125949+0j),0.8806798449125949j,-0.47371194914708215j,(-0.47371194914708215+0j)
(-0.8803588436356962+0j),0.8803588436356962j,-0.4743082398951343j,(-0.4743082398951343+0j)
(-0.8803721679175744+0j),0.8803721679175744j,-0.47428350799507046j,(-0.47428350799507046+0j)
(-0.8803779447065931+0j),0.8803779447065931j,-0.47427278487616725j,(-0.47427278487616725+0j)
(-0.8803822870293194+0j),0.8803822870293194j,-0.47426472426802424j,(-0.47426472426802424+0j)
(-0.880292452119207+0j),0.880292452119207j,-0.47443144788467967j,(-0.47443144788467967+0j)
(-0.8802906947562408+0j),0.8802906947562408j,-0.47443470860127307j,(-0.47443470860127307+0j)
(-0.8802613451424902+0j),0.8802613451424902j,-0.4744891613598079j,(-0.4744891613598079+0j)
(-0.8802673240084771+0j),0.8802673240084771j,-0.4744780693382519j,(-0.4744780693382519+0j)
(-0.8820578739165043+0j),0.8820578739165043j,-0.4711410691734447j,(-0.4711410691734447+0j)
(-0.8820632628261476+0j),0.8820632628261476j,-0.4711309800602063j,(-0.4711309800602063+0j)
(-0.8820472463438714+0j),0.8820472463438714j,-0.4711609652944457j,(-0.4711609652944457+0j)
(-0.8820538546729363+0j),0.8820538546729363j,-0.4711485938179321j,(-0.4711485938179321+0j)
(-0.8820280551231184+0j),0.8820280551231184j,-0.47119689088079675j,(-0.47119689088079675+0j)
(-0.8820275013811335+0j),0.8820275013811335j,-0.4711979274226012j,(-0.4711979274226012+0j)
(-0.8820019332543673+0j),0.8820019332543673j,-0.4712457848464632j,(-0.4712457848464632+0j)
(-0.8820077263587353+0j),0.8820077263587353j,-0.47123494208674144j,(-0.47123494208674144+0j)
(-0.8820004590451621+0j),0.8820004590451621j,-0.4712485440233461j,(-0.4712485440233461+0j)
(-0.8820075835104655+0j),0.8820075835104655j,-0.4712352094549274j,(-0.4712352094549274+0j)
(-0.8820051756342056+0j),0.8820051756342056j,-0.4712397162320617j,(-0.4712397162320617+0j)
(-0.88200897103373+0j),0.88200897103373j,-0.47123261242832193j,(-0.47123261242832193+0j)
(-0.8819634789321108+0j),0.8819634789321108j,-0.4713177503871125j,(-0.4713177503871125+0j)
(-0.8819625435537979+0j),0.8819625435537979j,-0.4713195007297228j,(-0.4713195007297228+0j)
(-0.8819430046690379+0j),0.8819430046690379j,-0.4713560612905596j,(-0.4713560612905596+0j)
(-0.8819471164098772+0j),0.8819471164098772j,-0.47134836783031586j,(-0.47134836783031586+0j)
(-0.8818693365838483+0j),0.8818693365838483j,-0.47149387397204173j,(-0.47149387397204173+0j)
(-0.8818696283031077+0j),0.8818696283031077j,-0.4714933283478558j,(-0.4714933283478558+0j)
(-0.8818473849172321+0j),0.8818473849172321j,-0.4715349294746244j,(-0.4715349294746244+0j)
(-0.8818534398955807+0j),0.8818534398955807j,-0.471523605500649j,(-0.471523605500649+0j)
(-0.8818746862044438+0j),0.8818746862044438j,-0.47148386805044973j,(-0.47148386805044973+0j)
(-0.8818756607316698+0j),0.8818756607316698j,-0.4714820452669235j,(-0.4714820452669235+0j)
(-0.8818659815265375+0j),0.8818659815265375j,-0.4715001491264203j,(-0.4715001491264203+0j)
(-0.8818685590934096+0j),0.8818685590934096j,-0.4714953281661591j,(-0.4714953281661591+0j)
(-0.8817786910907616+0j),0.8817786910907616j,-0.4716633756592336j,(-0.4716633756592336+0j)
(-0.881782910793597+0j),0.881782910793597j,-0.47165548680405633j,(-0.47165548680405633+0j)
(-0.8817841948665729+0j),0.8817841948665729j,-0.471653086159213j,(-0.471653086159213+0j)
(-0.8817857316266763+0j),0.8817857316266763j,-0.4716502130812699j,(-0.4716502130812699+0j)
(-0.8817579981217556+0j),0.8817579981217556j,-0.4717020593004805j,(-0.4717020593004805+0j)
(-0.8817574662517853+0j),0.8817574662517853j,-0.47170305352968844j,(-0.47170305352968844+0j)
(-0.8817482709779894+0j),0.8817482709779894j,-0.47172024190967954j,(-0.47172024190967954+0j)
(-0.8817501440734858+0j),0.8817501440734858j,-0.47171674066794267j,(-0.47171674066794267+0j)
(-0.8771922998139577+0j),0.8771922998139577j,-0.4801392185055287j,(-0.4801392185055287+0j)
(-0.8771924526524739+0j),0.8771924526524739j,-0.48013893927647383j,(-0.48013893927647383+0j)
(-0.8771480031195866+0j),0.8771480031195866j,-0.4802201376695086j,(-0.4802201376695086+0j)
(-0.8771603034830674+0j),0.8771603034830674j,-0.48019766970852046j,(-0.48019766970852046+0j)
(-0.8772044498033376+0j),0.8772044498033376j,-0.480117020366102j,(-0.480117020366102+0j)
(-0.8772062273035754+0j),0.8772062273035754j,-0.48011377274540684j,(-0.48011377274540684+0j)
(-0.8771908807273131+0j),0.8771908807273131j,-0.48014181110255405j,(-0.48014181110255405+0j)
(-0.8771950095949475+0j),0.8771950095949475j,-0.4801342678269487j,(-0.4801342678269487+0j)
(-0.8769668829055969+0j),0.8769668829055969j,-0.48055081550949547j,(-0.48055081550949547+0j)
(-0.8769790974977056+0j),0.8769790974977056j,-0.4805285241815621j,(-0.4805285241815621+0j)
(-0.8769845301076119+0j),0.8769845301076119j,-0.48051860937109564j,(-0.48051860937109564+0j)
(-0.8769883769476083+0j),0.8769883769476083j,-0.48051158851665543j,(-0.48051158851665543+0j)
(-0.8769030640218743+0j),0.8769030640218743j,-0.48066726153239153j,(-0.48066726153239153+0j)
(-0.8769012925596943+0j),0.8769012925596943j,-0.4806704932769823j,(-0.4806704932769823+0j)
(-0.8768716216199743+0j),0.8768716216199743j,-0.48072461888024476j,(-0.48072461888024476+0j)
(-0.8768777353993111+0j),0.8768777353993111j,-0.4807134667980252j,(-0.4807134667980252+0j)
(-0.8773551738813877+0j),0.8773551738813877j,-0.4798415351588066j,(-0.4798415351588066+0j)
(-0.8773577061513922+0j),0.8773577061513922j,-0.47983690505917465j,(-0.47983690505917465+0j)
(-0.8773416183871815+0j),0.8773416183871815j,-0.4798663195576048j,(-0.4798663195576048+0j)
(-0.8773469243283333+0j),0.8773469243283333j,-0.47985661855559925j,(-0.47985661855559925+0j)
(-0.877342587562398+0j),0.877342587562398j,-0.4798645476062137j,(-0.4798645476062137+0j)
(-0.8773426283034599+0j),0.8773426283034599j,-0.4798644731187936j,(-0.4798644731187936+0j)
(-0.8773253595404897+0j),0.8773253595404897j,-0.47989604447958395j,(-0.47989604447958395+0j)
(-0.8773294544095821+0j),0.8773294544095821j,-0.4798885583397309j,(-0.4798885583397309+0j)
(-0.8772968728407576+0j),0.8772968728407576j,-0.4799481189710275j,(-0.4799481189710275+0j)
(-0.8773009745645556+0j),0.8773009745645556j,-0.4799406213565185j,(-0.4799406213565185+0j)
(-0.8773005460291127+0j),0.8773005460291127j,-0.47994140469126106j,(-0.47994140469126106+0j)
(-0.8773025053916527+0j),0.8773025053916527j,-0.47993782309120997j,(-0.47993782309120997+0j)
(-0.8772767654011872+0j),0.8772767654011872j,-0.47998487151912494j,(-0.47998487151912494+0j)
(-0.8772762741625237+0j),0.8772762741625237j,-0.4799857693635515j,(-0.4799857693635515+0j)
(-0.8772666515889438+0j),0.8772666515889438j,-0.4800033562486027j,(-0.4800033562486027+0j)
(-0.8772686371414741+0j),0.8772686371414741j,-0.47999972738319435j,(-0.47999972738319435+0j)
(-0.8760372394210086+0j),0.8760372394210086j,-0.4822434604508586j,(-0.4822434604508586+0j)
(-0.8760447986687407+0j),0.8760447986687407j,-0.4822297281643322j,(-0.4822297281643322+0j)
(-0.8760449559852062+0j),0.8760449559852062j,-0.48222944237455917j,(-0.48222944237455917+0j)
(-0.8760479568942892+0j),0.8760479568942892j,-0.4822239907152503j,(-0.4822239907152503+0j)
(-0.8759898392266496+0j),0.8759898392266496j,-0.4823295570164334j,(-0.4823295570164334+0j)
(-0.8759882570982273+0j),0.8759882570982273j,-0.4823324304108217j,(-0.4823324304108217+0j)
(-0.8759604009950525+0j),0.8759604009950525j,-0.4823830178277292j,(-0.4823830178277292+0j)
(-0.875966399560887+0j),0.875966399560887j,-0.4823721248583261j,(-0.4823721248583261+0j)
(-0.8760855845993978+0j),0.8760855845993978j,-0.4821556268023131j,(-0.4821556268023131+0j)
(-0.8760883091176896+0j),0.8760883091176896j,-0.482150676269678j,(-0.482150676269678+0j)
(-0.8760806924065697+0j),0.8760806924065697j,-0.48216451589931975j,(-0.48216451589931975+0j)
(-0.876084040192287+0j),0.876084040192287j,-0.4821584330076155j,(-0.4821584330076155+0j)
(-0.8760728928007107+0j),0.8760728928007107j,-0.4821786873139401j,(-0.4821786873139401+0j)
(-0.8760727199894529+0j),0.8760727199894529j,-0.48217900129545466j,(-0.48217900129545466+0j)
(-0.8760636640359137+0j),0.8760636640359137j,-0.48219545472346576j,(-0.48219545472346576+0j)
(-0.8760656399316599+0j),0.8760656399316599j,-0.48219186485374405j,(-0.48219186485374405+0j)
(-0.8757384116602671+0j),0.8757384116602671j,-0.4827859094285505j,(-0.4827859094285505+0j)
(-0.87573806610836+0j),0.87573806610836j,-0.4827865362339654j,(-0.4827865362339654+0j)
(-0.8757171776055278+0j),0.8757171776055278j,-0.48282442445117507j,(-0.48282442445117507+0j)
(-0.875722610274919+0j),0.875722610274919j,-0.48281457087921675j,(-0.48281457087921675+0j)
(-0.8757479326650116+0j),0.8757479326650116j,-0.48276863861787706j,(-0.48276863861787706+0j)
(-0.8757490384588694+0j),0.8757490384588694j,-0.4827666326895073j,(-0.4827666326895073+0j)
(-0.8757427212377374+0j),0.8757427212377374j,-0.4827780920869572j,(-0.4827780920869572+0j)
(-0.8757445415746308+0j),0.8757445415746308j,-0.4827747900442192j,(-0.4827747900442192+0j)
(-0.875652058026536+0j),0.875652058026536j,-0.482942515496298j,(-0.482942515496298+0j)
(-0.8756556960522888+0j),0.8756556960522888j,-0.4829359191147227j,(-0.4829359191147227+0j)
(-0.8756572154245017+0j),0.8756572154245017j,-0.4829331641904582j,(-0.4829331641904582+0j)
(-0.8756584266795145+0j),0.8756584266795145j,-0.48293096792932766j,(-0.48293096792932766+0j)
(-0.8756342391009293+0j),0.8756342391009293j,-0.48297482265034974j,(-0.48297482265034974+0j)
(-0.8756337754060997+0j),0.8756337754060997j,-0.4829756633289717j,(-0.4829756633289717+0j)
(-0.8756260350774014+0j),0.8756260350774014j,-0.4829896962613483j,(-0.4829896962613483+0j)
(-0.8756276052266819+0j),0.8756276052266819j,-0.4829868496812165j,(-0.4829868496812165+0j)
